# title: 2022-12-23 exclusion
# label: exclusion
# status: passed
# reason: candidate-aware exclusion copied from combined sensitivity with candidate bins set to candidate coupling
# frequency_axis_unit: Hz
# frequency_offset (MHz): 1.348568
# frequency_grid_RBW (Hz): 2
# columns: frequency_minus_offset, frequency, combined_limit, valid_mask, candidate_mask
# units: Hz, Hz, 1 / GeV, boolean_as_0_or_1, boolean_as_0_or_1
-5993	1342575	nan	0	0
-5991	1342577	nan	0	0
-5989	1342579	nan	0	0
-5987	1342581	nan	0	0
-5985	1342583	nan	0	0
-5983	1342585	nan	0	0
-5981	1342587	nan	0	0
-5979	1342589	nan	0	0
-5977	1342591	nan	0	0
-5975	1342593	nan	0	0
-5973	1342595	nan	0	0
-5971	1342597	nan	0	0
-5969	1342599	nan	0	0
-5967	1342601	nan	0	0
-5965	1342603	nan	0	0
-5963	1342605	nan	0	0
-5961	1342607	nan	0	0
-5959	1342609	nan	0	0
-5957	1342611	nan	0	0
-5955	1342613	nan	0	0
-5953	1342615	nan	0	0
-5951	1342617	nan	0	0
-5949	1342619	nan	0	0
-5947	1342621	nan	0	0
-5945	1342623	nan	0	0
-5943	1342625	nan	0	0
-5941	1342627	nan	0	0
-5939	1342629	nan	0	0
-5937	1342631	nan	0	0
-5935	1342633	nan	0	0
-5933	1342635	nan	0	0
-5931	1342637	nan	0	0
-5929	1342639	nan	0	0
-5927	1342641	nan	0	0
-5925	1342643	nan	0	0
-5923	1342645	nan	0	0
-5921	1342647	nan	0	0
-5919	1342649	nan	0	0
-5917	1342651	nan	0	0
-5915	1342653	nan	0	0
-5913	1342655	nan	0	0
-5911	1342657	nan	0	0
-5909	1342659	nan	0	0
-5907	1342661	nan	0	0
-5905	1342663	nan	0	0
-5903	1342665	nan	0	0
-5901	1342667	nan	0	0
-5899	1342669	nan	0	0
-5897	1342671	nan	0	0
-5895	1342673	nan	0	0
-5893	1342675	nan	0	0
-5891	1342677	nan	0	0
-5889	1342679	nan	0	0
-5887	1342681	nan	0	0
-5885	1342683	nan	0	0
-5883	1342685	nan	0	0
-5881	1342687	nan	0	0
-5879	1342689	nan	0	0
-5877	1342691	nan	0	0
-5875	1342693	nan	0	0
-5873	1342695	nan	0	0
-5871	1342697	nan	0	0
-5869	1342699	nan	0	0
-5867	1342701	nan	0	0
-5865	1342703	nan	0	0
-5863	1342705	nan	0	0
-5861	1342707	nan	0	0
-5859	1342709	nan	0	0
-5857	1342711	nan	0	0
-5855	1342713	nan	0	0
-5853	1342715	nan	0	0
-5851	1342717	nan	0	0
-5849	1342719	nan	0	0
-5847	1342721	nan	0	0
-5845	1342723	nan	0	0
-5843	1342725	nan	0	0
-5841	1342727	nan	0	0
-5839	1342729	nan	0	0
-5837	1342731	nan	0	0
-5835	1342733	nan	0	0
-5833	1342735	nan	0	0
-5831	1342737	nan	0	0
-5829	1342739	nan	0	0
-5827	1342741	nan	0	0
-5825	1342743	nan	0	0
-5823	1342745	nan	0	0
-5821	1342747	nan	0	0
-5819	1342749	nan	0	0
-5817	1342751	nan	0	0
-5815	1342753	nan	0	0
-5813	1342755	nan	0	0
-5811	1342757	nan	0	0
-5809	1342759	nan	0	0
-5807	1342761	nan	0	0
-5805	1342763	nan	0	0
-5803	1342765	nan	0	0
-5801	1342767	nan	0	0
-5799	1342769	nan	0	0
-5797	1342771	nan	0	0
-5795	1342773	nan	0	0
-5793	1342775	nan	0	0
-5791	1342777	nan	0	0
-5789	1342779	nan	0	0
-5787	1342781	nan	0	0
-5785	1342783	nan	0	0
-5783	1342785	nan	0	0
-5781	1342787	nan	0	0
-5779	1342789	nan	0	0
-5777	1342791	nan	0	0
-5775	1342793	nan	0	0
-5773	1342795	nan	0	0
-5771	1342797	nan	0	0
-5769	1342799	nan	0	0
-5767	1342801	nan	0	0
-5765	1342803	nan	0	0
-5763	1342805	nan	0	0
-5761	1342807	nan	0	0
-5759	1342809	nan	0	0
-5757	1342811	nan	0	0
-5755	1342813	nan	0	0
-5753	1342815	nan	0	0
-5751	1342817	nan	0	0
-5749	1342819	nan	0	0
-5747	1342821	nan	0	0
-5745	1342823	nan	0	0
-5743	1342825	nan	0	0
-5741	1342827	nan	0	0
-5739	1342829	nan	0	0
-5737	1342831	nan	0	0
-5735	1342833	nan	0	0
-5733	1342835	nan	0	0
-5731	1342837	nan	0	0
-5729	1342839	nan	0	0
-5727	1342841	nan	0	0
-5725	1342843	nan	0	0
-5723	1342845	nan	0	0
-5721	1342847	nan	0	0
-5719	1342849	nan	0	0
-5717	1342851	nan	0	0
-5715	1342853	nan	0	0
-5713	1342855	nan	0	0
-5711	1342857	nan	0	0
-5709	1342859	nan	0	0
-5707	1342861	nan	0	0
-5705	1342863	nan	0	0
-5703	1342865	nan	0	0
-5701	1342867	nan	0	0
-5699	1342869	nan	0	0
-5697	1342871	nan	0	0
-5695	1342873	nan	0	0
-5693	1342875	nan	0	0
-5691	1342877	nan	0	0
-5689	1342879	nan	0	0
-5687	1342881	nan	0	0
-5685	1342883	nan	0	0
-5683	1342885	nan	0	0
-5681	1342887	nan	0	0
-5679	1342889	nan	0	0
-5677	1342891	nan	0	0
-5675	1342893	nan	0	0
-5673	1342895	nan	0	0
-5671	1342897	nan	0	0
-5669	1342899	nan	0	0
-5667	1342901	nan	0	0
-5665	1342903	nan	0	0
-5663	1342905	nan	0	0
-5661	1342907	nan	0	0
-5659	1342909	nan	0	0
-5657	1342911	nan	0	0
-5655	1342913	nan	0	0
-5653	1342915	nan	0	0
-5651	1342917	nan	0	0
-5649	1342919	nan	0	0
-5647	1342921	nan	0	0
-5645	1342923	nan	0	0
-5643	1342925	nan	0	0
-5641	1342927	nan	0	0
-5639	1342929	nan	0	0
-5637	1342931	nan	0	0
-5635	1342933	nan	0	0
-5633	1342935	nan	0	0
-5631	1342937	nan	0	0
-5629	1342939	nan	0	0
-5627	1342941	nan	0	0
-5625	1342943	nan	0	0
-5623	1342945	nan	0	0
-5621	1342947	nan	0	0
-5619	1342949	nan	0	0
-5617	1342951	nan	0	0
-5615	1342953	nan	0	0
-5613	1342955	nan	0	0
-5611	1342957	nan	0	0
-5609	1342959	nan	0	0
-5607	1342961	nan	0	0
-5605	1342963	nan	0	0
-5603	1342965	nan	0	0
-5601	1342967	nan	0	0
-5599	1342969	nan	0	0
-5597	1342971	nan	0	0
-5595	1342973	nan	0	0
-5593	1342975	nan	0	0
-5591	1342977	nan	0	0
-5589	1342979	nan	0	0
-5587	1342981	nan	0	0
-5585	1342983	nan	0	0
-5583	1342985	nan	0	0
-5581	1342987	nan	0	0
-5579	1342989	nan	0	0
-5577	1342991	nan	0	0
-5575	1342993	nan	0	0
-5573	1342995	nan	0	0
-5571	1342997	nan	0	0
-5569	1342999	nan	0	0
-5567	1343001	nan	0	0
-5565	1343003	nan	0	0
-5563	1343005	nan	0	0
-5561	1343007	nan	0	0
-5559	1343009	nan	0	0
-5557	1343011	nan	0	0
-5555	1343013	nan	0	0
-5553	1343015	nan	0	0
-5551	1343017	nan	0	0
-5549	1343019	nan	0	0
-5547	1343021	nan	0	0
-5545	1343023	nan	0	0
-5543	1343025	nan	0	0
-5541	1343027	nan	0	0
-5539	1343029	nan	0	0
-5537	1343031	nan	0	0
-5535	1343033	nan	0	0
-5533	1343035	nan	0	0
-5531	1343037	nan	0	0
-5529	1343039	nan	0	0
-5527	1343041	nan	0	0
-5525	1343043	nan	0	0
-5523	1343045	nan	0	0
-5521	1343047	nan	0	0
-5519	1343049	nan	0	0
-5517	1343051	nan	0	0
-5515	1343053	nan	0	0
-5513	1343055	nan	0	0
-5511	1343057	nan	0	0
-5509	1343059	nan	0	0
-5507	1343061	nan	0	0
-5505	1343063	nan	0	0
-5503	1343065	nan	0	0
-5501	1343067	nan	0	0
-5499	1343069	nan	0	0
-5497	1343071	nan	0	0
-5495	1343073	nan	0	0
-5493	1343075	nan	0	0
-5491	1343077	nan	0	0
-5489	1343079	nan	0	0
-5487	1343081	nan	0	0
-5485	1343083	nan	0	0
-5483	1343085	nan	0	0
-5481	1343087	nan	0	0
-5479	1343089	nan	0	0
-5477	1343091	nan	0	0
-5475	1343093	nan	0	0
-5473	1343095	nan	0	0
-5471	1343097	nan	0	0
-5469	1343099	nan	0	0
-5467	1343101	nan	0	0
-5465	1343103	nan	0	0
-5463	1343105	nan	0	0
-5461	1343107	nan	0	0
-5459	1343109	nan	0	0
-5457	1343111	nan	0	0
-5455	1343113	nan	0	0
-5453	1343115	nan	0	0
-5451	1343117	nan	0	0
-5449	1343119	nan	0	0
-5447	1343121	nan	0	0
-5445	1343123	nan	0	0
-5443	1343125	nan	0	0
-5441	1343127	nan	0	0
-5439	1343129	nan	0	0
-5437	1343131	nan	0	0
-5435	1343133	nan	0	0
-5433	1343135	nan	0	0
-5431	1343137	nan	0	0
-5429	1343139	nan	0	0
-5427	1343141	nan	0	0
-5425	1343143	nan	0	0
-5423	1343145	nan	0	0
-5421	1343147	nan	0	0
-5419	1343149	nan	0	0
-5417	1343151	nan	0	0
-5415	1343153	nan	0	0
-5413	1343155	nan	0	0
-5411	1343157	nan	0	0
-5409	1343159	nan	0	0
-5407	1343161	nan	0	0
-5405	1343163	nan	0	0
-5403	1343165	nan	0	0
-5401	1343167	nan	0	0
-5399	1343169	nan	0	0
-5397	1343171	nan	0	0
-5395	1343173	nan	0	0
-5393	1343175	nan	0	0
-5391	1343177	nan	0	0
-5389	1343179	nan	0	0
-5387	1343181	nan	0	0
-5385	1343183	nan	0	0
-5383	1343185	nan	0	0
-5381	1343187	nan	0	0
-5379	1343189	nan	0	0
-5377	1343191	nan	0	0
-5375	1343193	nan	0	0
-5373	1343195	nan	0	0
-5371	1343197	nan	0	0
-5369	1343199	nan	0	0
-5367	1343201	nan	0	0
-5365	1343203	nan	0	0
-5363	1343205	nan	0	0
-5361	1343207	nan	0	0
-5359	1343209	nan	0	0
-5357	1343211	nan	0	0
-5355	1343213	nan	0	0
-5353	1343215	nan	0	0
-5351	1343217	nan	0	0
-5349	1343219	nan	0	0
-5347	1343221	nan	0	0
-5345	1343223	nan	0	0
-5343	1343225	nan	0	0
-5341	1343227	nan	0	0
-5339	1343229	nan	0	0
-5337	1343231	nan	0	0
-5335	1343233	nan	0	0
-5333	1343235	nan	0	0
-5331	1343237	nan	0	0
-5329	1343239	nan	0	0
-5327	1343241	nan	0	0
-5325	1343243	nan	0	0
-5323	1343245	nan	0	0
-5321	1343247	nan	0	0
-5319	1343249	nan	0	0
-5317	1343251	nan	0	0
-5315	1343253	nan	0	0
-5313	1343255	nan	0	0
-5311	1343257	nan	0	0
-5309	1343259	nan	0	0
-5307	1343261	nan	0	0
-5305	1343263	nan	0	0
-5303	1343265	nan	0	0
-5301	1343267	nan	0	0
-5299	1343269	nan	0	0
-5297	1343271	nan	0	0
-5295	1343273	nan	0	0
-5293	1343275	nan	0	0
-5291	1343277	nan	0	0
-5289	1343279	nan	0	0
-5287	1343281	nan	0	0
-5285	1343283	nan	0	0
-5283	1343285	nan	0	0
-5281	1343287	nan	0	0
-5279	1343289	nan	0	0
-5277	1343291	nan	0	0
-5275	1343293	nan	0	0
-5273	1343295	nan	0	0
-5271	1343297	nan	0	0
-5269	1343299	nan	0	0
-5267	1343301	nan	0	0
-5265	1343303	nan	0	0
-5263	1343305	nan	0	0
-5261	1343307	nan	0	0
-5259	1343309	nan	0	0
-5257	1343311	nan	0	0
-5255	1343313	nan	0	0
-5253	1343315	nan	0	0
-5251	1343317	nan	0	0
-5249	1343319	nan	0	0
-5247	1343321	nan	0	0
-5245	1343323	nan	0	0
-5243	1343325	nan	0	0
-5241	1343327	nan	0	0
-5239	1343329	nan	0	0
-5237	1343331	nan	0	0
-5235	1343333	nan	0	0
-5233	1343335	nan	0	0
-5231	1343337	nan	0	0
-5229	1343339	nan	0	0
-5227	1343341	nan	0	0
-5225	1343343	nan	0	0
-5223	1343345	nan	0	0
-5221	1343347	nan	0	0
-5219	1343349	nan	0	0
-5217	1343351	nan	0	0
-5215	1343353	nan	0	0
-5213	1343355	nan	0	0
-5211	1343357	nan	0	0
-5209	1343359	nan	0	0
-5207	1343361	nan	0	0
-5205	1343363	nan	0	0
-5203	1343365	nan	0	0
-5201	1343367	nan	0	0
-5199	1343369	nan	0	0
-5197	1343371	nan	0	0
-5195	1343373	nan	0	0
-5193	1343375	nan	0	0
-5191	1343377	nan	0	0
-5189	1343379	nan	0	0
-5187	1343381	nan	0	0
-5185	1343383	nan	0	0
-5183	1343385	nan	0	0
-5181	1343387	nan	0	0
-5179	1343389	nan	0	0
-5177	1343391	nan	0	0
-5175	1343393	nan	0	0
-5173	1343395	nan	0	0
-5171	1343397	nan	0	0
-5169	1343399	nan	0	0
-5167	1343401	nan	0	0
-5165	1343403	nan	0	0
-5163	1343405	nan	0	0
-5161	1343407	nan	0	0
-5159	1343409	nan	0	0
-5158	1343410	nan	0	0
-5156	1343412	nan	0	0
-5154	1343414	nan	0	0
-5152	1343416	nan	0	0
-5150	1343418	nan	0	0
-5148	1343420	nan	0	0
-5146	1343422	nan	0	0
-5144	1343424	nan	0	0
-5142	1343426	nan	0	0
-5140	1343428	nan	0	0
-5138	1343430	nan	0	0
-5136	1343432	nan	0	0
-5134	1343434	nan	0	0
-5132	1343436	nan	0	0
-5130	1343438	nan	0	0
-5128	1343440	nan	0	0
-5126	1343442	nan	0	0
-5124	1343444	nan	0	0
-5122	1343446	nan	0	0
-5120	1343448	nan	0	0
-5118	1343450	nan	0	0
-5116	1343452	nan	0	0
-5114	1343454	nan	0	0
-5112	1343456	nan	0	0
-5110	1343458	nan	0	0
-5108	1343460	nan	0	0
-5106	1343462	nan	0	0
-5104	1343464	nan	0	0
-5102	1343466	nan	0	0
-5100	1343468	nan	0	0
-5098	1343470	nan	0	0
-5096	1343472	nan	0	0
-5094	1343474	nan	0	0
-5092	1343476	nan	0	0
-5090	1343478	nan	0	0
-5088	1343480	nan	0	0
-5086	1343482	nan	0	0
-5084	1343484	nan	0	0
-5082	1343486	nan	0	0
-5080	1343488	nan	0	0
-5078	1343490	nan	0	0
-5076	1343492	nan	0	0
-5074	1343494	nan	0	0
-5072	1343496	nan	0	0
-5070	1343498	nan	0	0
-5068	1343500	nan	0	0
-5066	1343502	nan	0	0
-5064	1343504	nan	0	0
-5062	1343506	nan	0	0
-5060	1343508	nan	0	0
-5058	1343510	nan	0	0
-5056	1343512	nan	0	0
-5054	1343514	nan	0	0
-5052	1343516	nan	0	0
-5050	1343518	nan	0	0
-5048	1343520	nan	0	0
-5046	1343522	nan	0	0
-5044	1343524	nan	0	0
-5042	1343526	nan	0	0
-5040	1343528	nan	0	0
-5038	1343530	nan	0	0
-5036	1343532	nan	0	0
-5034	1343534	nan	0	0
-5032	1343536	nan	0	0
-5030	1343538	nan	0	0
-5028	1343540	nan	0	0
-5026	1343542	nan	0	0
-5024	1343544	nan	0	0
-5022	1343546	nan	0	0
-5020	1343548	nan	0	0
-5018	1343550	nan	0	0
-5016	1343552	nan	0	0
-5014	1343554	nan	0	0
-5012	1343556	nan	0	0
-5010	1343558	nan	0	0
-5008	1343560	nan	0	0
-5006	1343562	nan	0	0
-5004	1343564	nan	0	0
-5002	1343566	nan	0	0
-5000	1343568	nan	0	0
-4998	1343570	nan	0	0
-4996	1343572	nan	0	0
-4994	1343574	nan	0	0
-4992	1343576	nan	0	0
-4990	1343578	nan	0	0
-4988	1343580	nan	0	0
-4986	1343582	nan	0	0
-4984	1343584	nan	0	0
-4982	1343586	nan	0	0
-4980	1343588	nan	0	0
-4978	1343590	nan	0	0
-4976	1343592	nan	0	0
-4974	1343594	nan	0	0
-4972	1343596	nan	0	0
-4970	1343598	nan	0	0
-4968	1343600	nan	0	0
-4966	1343602	nan	0	0
-4964	1343604	nan	0	0
-4962	1343606	nan	0	0
-4960	1343608	nan	0	0
-4958	1343610	nan	0	0
-4956	1343612	nan	0	0
-4954	1343614	nan	0	0
-4952	1343616	nan	0	0
-4950	1343618	nan	0	0
-4948	1343620	nan	0	0
-4946	1343622	nan	0	0
-4944	1343624	nan	0	0
-4942	1343626	nan	0	0
-4940	1343628	nan	0	0
-4938	1343630	nan	0	0
-4936	1343632	nan	0	0
-4934	1343634	nan	0	0
-4932	1343636	nan	0	0
-4930	1343638	nan	0	0
-4928	1343640	nan	0	0
-4926	1343642	nan	0	0
-4924	1343644	nan	0	0
-4922	1343646	nan	0	0
-4920	1343648	nan	0	0
-4918	1343650	nan	0	0
-4916	1343652	nan	0	0
-4914	1343654	nan	0	0
-4912	1343656	nan	0	0
-4910	1343658	nan	0	0
-4908	1343660	nan	0	0
-4906	1343662	nan	0	0
-4904	1343664	nan	0	0
-4902	1343666	nan	0	0
-4900	1343668	nan	0	0
-4898	1343670	nan	0	0
-4896	1343672	nan	0	0
-4894	1343674	nan	0	0
-4892	1343676	nan	0	0
-4890	1343678	nan	0	0
-4888	1343680	nan	0	0
-4886	1343682	nan	0	0
-4884	1343684	nan	0	0
-4882	1343686	nan	0	0
-4880	1343688	nan	0	0
-4878	1343690	nan	0	0
-4876	1343692	nan	0	0
-4874	1343694	nan	0	0
-4872	1343696	nan	0	0
-4870	1343698	nan	0	0
-4868	1343700	nan	0	0
-4866	1343702	nan	0	0
-4864	1343704	nan	0	0
-4862	1343706	nan	0	0
-4860	1343708	nan	0	0
-4858	1343710	nan	0	0
-4856	1343712	nan	0	0
-4854	1343714	nan	0	0
-4852	1343716	nan	0	0
-4850	1343718	nan	0	0
-4848	1343720	nan	0	0
-4846	1343722	nan	0	0
-4844	1343724	nan	0	0
-4842	1343726	nan	0	0
-4840	1343728	nan	0	0
-4838	1343730	nan	0	0
-4836	1343732	nan	0	0
-4834	1343734	nan	0	0
-4832	1343736	nan	0	0
-4830	1343738	nan	0	0
-4828	1343740	nan	0	0
-4826	1343742	nan	0	0
-4824	1343744	nan	0	0
-4822	1343746	nan	0	0
-4820	1343748	nan	0	0
-4818	1343750	nan	0	0
-4816	1343752	nan	0	0
-4814	1343754	nan	0	0
-4812	1343756	nan	0	0
-4810	1343758	nan	0	0
-4808	1343760	nan	0	0
-4806	1343762	nan	0	0
-4804	1343764	nan	0	0
-4802	1343766	nan	0	0
-4800	1343768	nan	0	0
-4798	1343770	nan	0	0
-4796	1343772	nan	0	0
-4794	1343774	nan	0	0
-4792	1343776	nan	0	0
-4790	1343778	nan	0	0
-4788	1343780	nan	0	0
-4786	1343782	nan	0	0
-4784	1343784	nan	0	0
-4782	1343786	nan	0	0
-4780	1343788	nan	0	0
-4778	1343790	nan	0	0
-4776	1343792	nan	0	0
-4774	1343794	nan	0	0
-4772	1343796	nan	0	0
-4770	1343798	nan	0	0
-4768	1343800	nan	0	0
-4766	1343802	nan	0	0
-4764	1343804	nan	0	0
-4762	1343806	nan	0	0
-4760	1343808	nan	0	0
-4758	1343810	nan	0	0
-4756	1343812	nan	0	0
-4754	1343814	nan	0	0
-4752	1343816	nan	0	0
-4750	1343818	nan	0	0
-4748	1343820	nan	0	0
-4746	1343822	nan	0	0
-4744	1343824	nan	0	0
-4742	1343826	nan	0	0
-4740	1343828	nan	0	0
-4738	1343830	nan	0	0
-4736	1343832	nan	0	0
-4734	1343834	nan	0	0
-4732	1343836	nan	0	0
-4730	1343838	nan	0	0
-4728	1343840	nan	0	0
-4726	1343842	nan	0	0
-4724	1343844	nan	0	0
-4722	1343846	nan	0	0
-4720	1343848	nan	0	0
-4718	1343850	nan	0	0
-4716	1343852	nan	0	0
-4714	1343854	nan	0	0
-4712	1343856	nan	0	0
-4710	1343858	nan	0	0
-4708	1343860	nan	0	0
-4706	1343862	nan	0	0
-4704	1343864	nan	0	0
-4702	1343866	nan	0	0
-4700	1343868	nan	0	0
-4698	1343870	nan	0	0
-4696	1343872	nan	0	0
-4694	1343874	nan	0	0
-4692	1343876	nan	0	0
-4690	1343878	nan	0	0
-4688	1343880	nan	0	0
-4686	1343882	nan	0	0
-4684	1343884	nan	0	0
-4682	1343886	nan	0	0
-4680	1343888	nan	0	0
-4678	1343890	nan	0	0
-4676	1343892	nan	0	0
-4674	1343894	nan	0	0
-4672	1343896	nan	0	0
-4670	1343898	nan	0	0
-4668	1343900	nan	0	0
-4666	1343902	nan	0	0
-4664	1343904	nan	0	0
-4662	1343906	nan	0	0
-4660	1343908	nan	0	0
-4658	1343910	nan	0	0
-4656	1343912	nan	0	0
-4654	1343914	nan	0	0
-4652	1343916	nan	0	0
-4650	1343918	nan	0	0
-4648	1343920	nan	0	0
-4646	1343922	nan	0	0
-4644	1343924	nan	0	0
-4642	1343926	nan	0	0
-4640	1343928	nan	0	0
-4638	1343930	nan	0	0
-4636	1343932	nan	0	0
-4634	1343934	nan	0	0
-4632	1343936	nan	0	0
-4630	1343938	nan	0	0
-4628	1343940	nan	0	0
-4626	1343942	nan	0	0
-4624	1343944	nan	0	0
-4622	1343946	nan	0	0
-4620	1343948	nan	0	0
-4618	1343950	nan	0	0
-4616	1343952	nan	0	0
-4614	1343954	nan	0	0
-4612	1343956	nan	0	0
-4610	1343958	nan	0	0
-4608	1343960	nan	0	0
-4606	1343962	nan	0	0
-4604	1343964	nan	0	0
-4602	1343966	nan	0	0
-4600	1343968	nan	0	0
-4598	1343970	nan	0	0
-4596	1343972	nan	0	0
-4594	1343974	nan	0	0
-4592	1343976	nan	0	0
-4590	1343978	nan	0	0
-4588	1343980	nan	0	0
-4586	1343982	nan	0	0
-4584	1343984	nan	0	0
-4582	1343986	nan	0	0
-4580	1343988	nan	0	0
-4578	1343990	nan	0	0
-4576	1343992	nan	0	0
-4574	1343994	nan	0	0
-4572	1343996	nan	0	0
-4570	1343998	nan	0	0
-4568	1344000	nan	0	0
-4566	1344002	nan	0	0
-4564	1344004	nan	0	0
-4562	1344006	nan	0	0
-4560	1344008	nan	0	0
-4558	1344010	nan	0	0
-4556	1344012	nan	0	0
-4554	1344014	nan	0	0
-4552	1344016	nan	0	0
-4550	1344018	nan	0	0
-4548	1344020	nan	0	0
-4546	1344022	nan	0	0
-4544	1344024	nan	0	0
-4542	1344026	nan	0	0
-4540	1344028	nan	0	0
-4538	1344030	nan	0	0
-4536	1344032	nan	0	0
-4534	1344034	nan	0	0
-4532	1344036	nan	0	0
-4530	1344038	nan	0	0
-4528	1344040	nan	0	0
-4526	1344042	nan	0	0
-4524	1344044	nan	0	0
-4522	1344046	nan	0	0
-4520	1344048	nan	0	0
-4518	1344050	nan	0	0
-4516	1344052	nan	0	0
-4514	1344054	nan	0	0
-4512	1344056	nan	0	0
-4510	1344058	nan	0	0
-4508	1344060	nan	0	0
-4506	1344062	nan	0	0
-4504	1344064	nan	0	0
-4502	1344066	nan	0	0
-4500	1344068	nan	0	0
-4498	1344070	nan	0	0
-4496	1344072	nan	0	0
-4494	1344074	nan	0	0
-4492	1344076	nan	0	0
-4490	1344078	nan	0	0
-4488	1344080	nan	0	0
-4486	1344082	nan	0	0
-4484	1344084	nan	0	0
-4482	1344086	nan	0	0
-4480	1344088	nan	0	0
-4478	1344090	nan	0	0
-4476	1344092	nan	0	0
-4474	1344094	nan	0	0
-4472	1344096	nan	0	0
-4470	1344098	nan	0	0
-4468	1344100	nan	0	0
-4466	1344102	nan	0	0
-4464	1344104	nan	0	0
-4462	1344106	nan	0	0
-4460	1344108	nan	0	0
-4458	1344110	nan	0	0
-4456	1344112	nan	0	0
-4454	1344114	nan	0	0
-4452	1344116	nan	0	0
-4450	1344118	nan	0	0
-4448	1344120	nan	0	0
-4446	1344122	nan	0	0
-4444	1344124	nan	0	0
-4442	1344126	nan	0	0
-4440	1344128	nan	0	0
-4438	1344130	nan	0	0
-4436	1344132	nan	0	0
-4434	1344134	nan	0	0
-4432	1344136	nan	0	0
-4430	1344138	nan	0	0
-4428	1344140	nan	0	0
-4426	1344142	nan	0	0
-4424	1344144	nan	0	0
-4422	1344146	nan	0	0
-4420	1344148	nan	0	0
-4418	1344150	nan	0	0
-4416	1344152	nan	0	0
-4414	1344154	nan	0	0
-4412	1344156	nan	0	0
-4410	1344158	nan	0	0
-4408	1344160	nan	0	0
-4406	1344162	nan	0	0
-4404	1344164	nan	0	0
-4402	1344166	nan	0	0
-4400	1344168	nan	0	0
-4398	1344170	nan	0	0
-4396	1344172	nan	0	0
-4394	1344174	nan	0	0
-4392	1344176	nan	0	0
-4390	1344178	nan	0	0
-4388	1344180	nan	0	0
-4386	1344182	nan	0	0
-4384	1344184	nan	0	0
-4382	1344186	nan	0	0
-4380	1344188	nan	0	0
-4378	1344190	nan	0	0
-4376	1344192	nan	0	0
-4374	1344194	nan	0	0
-4372	1344196	nan	0	0
-4370	1344198	nan	0	0
-4368	1344200	nan	0	0
-4366	1344202	nan	0	0
-4364	1344204	nan	0	0
-4362	1344206	nan	0	0
-4360	1344208	nan	0	0
-4358	1344210	nan	0	0
-4356	1344212	nan	0	0
-4354	1344214	nan	0	0
-4352	1344216	nan	0	0
-4350	1344218	nan	0	0
-4348	1344220	nan	0	0
-4346	1344222	nan	0	0
-4344	1344224	nan	0	0
-4342	1344226	nan	0	0
-4340	1344228	nan	0	0
-4338	1344230	nan	0	0
-4336	1344232	nan	0	0
-4334	1344234	nan	0	0
-4332	1344236	nan	0	0
-4330	1344238	nan	0	0
-4328	1344240	nan	0	0
-4326	1344242	nan	0	0
-4324	1344244	nan	0	0
-4322	1344246	nan	0	0
-4320	1344248	nan	0	0
-4318	1344250	nan	0	0
-4316	1344252	nan	0	0
-4314	1344254	nan	0	0
-4312	1344256	nan	0	0
-4310	1344258	nan	0	0
-4308	1344260	nan	0	0
-4306	1344262	nan	0	0
-4304	1344264	nan	0	0
-4302	1344266	nan	0	0
-4300	1344268	nan	0	0
-4298	1344270	nan	0	0
-4296	1344272	nan	0	0
-4294	1344274	nan	0	0
-4292	1344276	nan	0	0
-4290	1344278	nan	0	0
-4288	1344280	nan	0	0
-4286	1344282	nan	0	0
-4284	1344284	nan	0	0
-4282	1344286	nan	0	0
-4280	1344288	nan	0	0
-4278	1344290	nan	0	0
-4276	1344292	nan	0	0
-4274	1344294	nan	0	0
-4272	1344296	nan	0	0
-4270	1344298	nan	0	0
-4268	1344300	nan	0	0
-4266	1344302	nan	0	0
-4264	1344304	nan	0	0
-4262	1344306	nan	0	0
-4260	1344308	nan	0	0
-4258	1344310	nan	0	0
-4256	1344312	nan	0	0
-4254	1344314	nan	0	0
-4252	1344316	nan	0	0
-4250	1344318	nan	0	0
-4248	1344320	nan	0	0
-4246	1344322	nan	0	0
-4244	1344324	nan	0	0
-4242	1344326	nan	0	0
-4240	1344328	nan	0	0
-4238	1344330	nan	0	0
-4236	1344332	nan	0	0
-4234	1344334	nan	0	0
-4232	1344336	nan	0	0
-4230	1344338	nan	0	0
-4228	1344340	nan	0	0
-4226	1344342	nan	0	0
-4224	1344344	nan	0	0
-4222	1344346	nan	0	0
-4220	1344348	nan	0	0
-4218	1344350	nan	0	0
-4216	1344352	nan	0	0
-4214	1344354	nan	0	0
-4212	1344356	nan	0	0
-4210	1344358	nan	0	0
-4208	1344360	nan	0	0
-4206	1344362	nan	0	0
-4204	1344364	nan	0	0
-4202	1344366	nan	0	0
-4200	1344368	nan	0	0
-4198	1344370	nan	0	0
-4196	1344372	nan	0	0
-4194	1344374	nan	0	0
-4192	1344376	nan	0	0
-4190	1344378	nan	0	0
-4188	1344380	nan	0	0
-4186	1344382	nan	0	0
-4184	1344384	nan	0	0
-4182	1344386	nan	0	0
-4180	1344388	nan	0	0
-4178	1344390	nan	0	0
-4176	1344392	nan	0	0
-4174	1344394	nan	0	0
-4172	1344396	nan	0	0
-4170	1344398	nan	0	0
-4168	1344400	nan	0	0
-4166	1344402	nan	0	0
-4164	1344404	nan	0	0
-4162	1344406	nan	0	0
-4160	1344408	nan	0	0
-4158	1344410	nan	0	0
-4156	1344412	nan	0	0
-4154	1344414	nan	0	0
-4152	1344416	nan	0	0
-4150	1344418	nan	0	0
-4148	1344420	nan	0	0
-4146	1344422	nan	0	0
-4144	1344424	nan	0	0
-4142	1344426	nan	0	0
-4140	1344428	nan	0	0
-4138	1344430	nan	0	0
-4136	1344432	nan	0	0
-4134	1344434	nan	0	0
-4132	1344436	nan	0	0
-4130	1344438	nan	0	0
-4128	1344440	nan	0	0
-4126	1344442	nan	0	0
-4124	1344444	nan	0	0
-4122	1344446	nan	0	0
-4120	1344448	nan	0	0
-4118	1344450	nan	0	0
-4116	1344452	nan	0	0
-4114	1344454	nan	0	0
-4112	1344456	nan	0	0
-4110	1344458	nan	0	0
-4108	1344460	nan	0	0
-4106	1344462	nan	0	0
-4104	1344464	nan	0	0
-4102	1344466	nan	0	0
-4100	1344468	nan	0	0
-4098	1344470	nan	0	0
-4096	1344472	nan	0	0
-4094	1344474	nan	0	0
-4092	1344476	nan	0	0
-4090	1344478	nan	0	0
-4088	1344480	nan	0	0
-4086	1344482	nan	0	0
-4084	1344484	nan	0	0
-4082	1344486	nan	0	0
-4080	1344488	nan	0	0
-4078	1344490	nan	0	0
-4076	1344492	nan	0	0
-4074	1344494	nan	0	0
-4072	1344496	nan	0	0
-4070	1344498	nan	0	0
-4068	1344500	nan	0	0
-4066	1344502	nan	0	0
-4064	1344504	nan	0	0
-4062	1344506	nan	0	0
-4060	1344508	nan	0	0
-4058	1344510	nan	0	0
-4056	1344512	nan	0	0
-4054	1344514	nan	0	0
-4052	1344516	nan	0	0
-4050	1344518	nan	0	0
-4048	1344520	nan	0	0
-4046	1344522	nan	0	0
-4044	1344524	nan	0	0
-4042	1344526	nan	0	0
-4040	1344528	nan	0	0
-4038	1344530	nan	0	0
-4036	1344532	nan	0	0
-4034	1344534	nan	0	0
-4032	1344536	nan	0	0
-4030	1344538	nan	0	0
-4028	1344540	nan	0	0
-4026	1344542	nan	0	0
-4024	1344544	nan	0	0
-4022	1344546	nan	0	0
-4020	1344548	nan	0	0
-4018	1344550	nan	0	0
-4016	1344552	nan	0	0
-4014	1344554	nan	0	0
-4012	1344556	nan	0	0
-4010	1344558	nan	0	0
-4008	1344560	nan	0	0
-4006	1344562	nan	0	0
-4004	1344564	nan	0	0
-4002	1344566	nan	0	0
-4000	1344568	nan	0	0
-3998	1344570	nan	0	0
-3996	1344572	nan	0	0
-3994	1344574	nan	0	0
-3992	1344576	nan	0	0
-3990	1344578	nan	0	0
-3988	1344580	nan	0	0
-3986	1344582	nan	0	0
-3984	1344584	nan	0	0
-3982	1344586	nan	0	0
-3980	1344588	nan	0	0
-3978	1344590	nan	0	0
-3976	1344592	nan	0	0
-3974	1344594	nan	0	0
-3972	1344596	nan	0	0
-3970	1344598	nan	0	0
-3968	1344600	nan	0	0
-3966	1344602	nan	0	0
-3964	1344604	nan	0	0
-3962	1344606	nan	0	0
-3960	1344608	nan	0	0
-3958	1344610	nan	0	0
-3956	1344612	nan	0	0
-3954	1344614	nan	0	0
-3952	1344616	nan	0	0
-3950	1344618	nan	0	0
-3948	1344620	nan	0	0
-3946	1344622	nan	0	0
-3944	1344624	nan	0	0
-3942	1344626	nan	0	0
-3940	1344628	nan	0	0
-3938	1344630	nan	0	0
-3936	1344632	nan	0	0
-3934	1344634	nan	0	0
-3932	1344636	nan	0	0
-3930	1344638	nan	0	0
-3928	1344640	nan	0	0
-3926	1344642	nan	0	0
-3924	1344644	nan	0	0
-3922	1344646	nan	0	0
-3920	1344648	nan	0	0
-3918	1344650	nan	0	0
-3916	1344652	nan	0	0
-3914	1344654	nan	0	0
-3912	1344656	nan	0	0
-3910	1344658	nan	0	0
-3908	1344660	nan	0	0
-3906	1344662	nan	0	0
-3904	1344664	nan	0	0
-3902	1344666	nan	0	0
-3900	1344668	nan	0	0
-3898	1344670	nan	0	0
-3896	1344672	nan	0	0
-3894	1344674	nan	0	0
-3892	1344676	nan	0	0
-3890	1344678	nan	0	0
-3888	1344680	nan	0	0
-3886	1344682	nan	0	0
-3884	1344684	nan	0	0
-3882	1344686	nan	0	0
-3880	1344688	nan	0	0
-3878	1344690	nan	0	0
-3876	1344692	nan	0	0
-3874	1344694	nan	0	0
-3872	1344696	nan	0	0
-3870	1344698	nan	0	0
-3868	1344700	nan	0	0
-3866	1344702	nan	0	0
-3864	1344704	nan	0	0
-3862	1344706	nan	0	0
-3860	1344708	nan	0	0
-3858	1344710	nan	0	0
-3856	1344712	nan	0	0
-3854	1344714	nan	0	0
-3852	1344716	nan	0	0
-3850	1344718	nan	0	0
-3848	1344720	nan	0	0
-3846	1344722	nan	0	0
-3844	1344724	nan	0	0
-3842	1344726	nan	0	0
-3840	1344728	nan	0	0
-3838	1344730	nan	0	0
-3836	1344732	nan	0	0
-3834	1344734	nan	0	0
-3832	1344736	nan	0	0
-3830	1344738	nan	0	0
-3828	1344740	nan	0	0
-3826	1344742	nan	0	0
-3824	1344744	nan	0	0
-3822	1344746	nan	0	0
-3820	1344748	nan	0	0
-3818	1344750	nan	0	0
-3816	1344752	nan	0	0
-3814	1344754	nan	0	0
-3812	1344756	nan	0	0
-3810	1344758	nan	0	0
-3808	1344760	nan	0	0
-3806	1344762	nan	0	0
-3804	1344764	nan	0	0
-3802	1344766	nan	0	0
-3800	1344768	nan	0	0
-3798	1344770	nan	0	0
-3796	1344772	nan	0	0
-3794	1344774	nan	0	0
-3792	1344776	nan	0	0
-3790	1344778	nan	0	0
-3788	1344780	nan	0	0
-3786	1344782	nan	0	0
-3784	1344784	nan	0	0
-3782	1344786	nan	0	0
-3780	1344788	nan	0	0
-3778	1344790	nan	0	0
-3776	1344792	nan	0	0
-3774	1344794	nan	0	0
-3772	1344796	nan	0	0
-3770	1344798	nan	0	0
-3768	1344800	nan	0	0
-3766	1344802	nan	0	0
-3764	1344804	nan	0	0
-3762	1344806	nan	0	0
-3760	1344808	nan	0	0
-3758	1344810	nan	0	0
-3756	1344812	nan	0	0
-3754	1344814	nan	0	0
-3752	1344816	nan	0	0
-3750	1344818	nan	0	0
-3748	1344820	nan	0	0
-3746	1344822	nan	0	0
-3744	1344824	nan	0	0
-3742	1344826	nan	0	0
-3740	1344828	nan	0	0
-3738	1344830	nan	0	0
-3736	1344832	nan	0	0
-3734	1344834	nan	0	0
-3732	1344836	nan	0	0
-3730	1344838	nan	0	0
-3728	1344840	nan	0	0
-3726	1344842	nan	0	0
-3724	1344844	nan	0	0
-3722	1344846	nan	0	0
-3720	1344848	nan	0	0
-3718	1344850	nan	0	0
-3716	1344852	nan	0	0
-3714	1344854	nan	0	0
-3712	1344856	nan	0	0
-3710	1344858	nan	0	0
-3708	1344860	nan	0	0
-3706	1344862	nan	0	0
-3704	1344864	nan	0	0
-3702	1344866	nan	0	0
-3700	1344868	nan	0	0
-3698	1344870	nan	0	0
-3696	1344872	nan	0	0
-3694	1344874	nan	0	0
-3692	1344876	nan	0	0
-3690	1344878	nan	0	0
-3688	1344880	nan	0	0
-3686	1344882	nan	0	0
-3684	1344884	nan	0	0
-3682	1344886	nan	0	0
-3680	1344888	nan	0	0
-3678	1344890	nan	0	0
-3676	1344892	nan	0	0
-3674	1344894	nan	0	0
-3672	1344896	nan	0	0
-3670	1344898	nan	0	0
-3668	1344900	nan	0	0
-3666	1344902	nan	0	0
-3664	1344904	nan	0	0
-3662	1344906	nan	0	0
-3660	1344908	nan	0	0
-3658	1344910	nan	0	0
-3656	1344912	nan	0	0
-3654	1344914	nan	0	0
-3652	1344916	nan	0	0
-3650	1344918	nan	0	0
-3648	1344920	nan	0	0
-3646	1344922	nan	0	0
-3644	1344924	nan	0	0
-3642	1344926	nan	0	0
-3640	1344928	nan	0	0
-3638	1344930	nan	0	0
-3636	1344932	nan	0	0
-3634	1344934	nan	0	0
-3632	1344936	nan	0	0
-3630	1344938	nan	0	0
-3628	1344940	nan	0	0
-3626	1344942	nan	0	0
-3624	1344944	nan	0	0
-3622	1344946	nan	0	0
-3620	1344948	nan	0	0
-3618	1344950	nan	0	0
-3616	1344952	nan	0	0
-3614	1344954	nan	0	0
-3612	1344956	nan	0	0
-3610	1344958	nan	0	0
-3608	1344960	nan	0	0
-3606	1344962	nan	0	0
-3604	1344964	nan	0	0
-3602	1344966	nan	0	0
-3600	1344968	nan	0	0
-3598	1344970	nan	0	0
-3596	1344972	nan	0	0
-3594	1344974	nan	0	0
-3592	1344976	nan	0	0
-3590	1344978	nan	0	0
-3588	1344980	nan	0	0
-3586	1344982	nan	0	0
-3584	1344984	nan	0	0
-3582	1344986	nan	0	0
-3580	1344988	nan	0	0
-3578	1344990	nan	0	0
-3576	1344992	nan	0	0
-3574	1344994	nan	0	0
-3572	1344996	nan	0	0
-3570	1344998	nan	0	0
-3568	1345000	nan	0	0
-3566	1345002	nan	0	0
-3564	1345004	nan	0	0
-3562	1345006	nan	0	0
-3560	1345008	nan	0	0
-3558	1345010	nan	0	0
-3556	1345012	nan	0	0
-3554	1345014	nan	0	0
-3552	1345016	nan	0	0
-3550	1345018	nan	0	0
-3548	1345020	nan	0	0
-3546	1345022	nan	0	0
-3544	1345024	nan	0	0
-3542	1345026	nan	0	0
-3540	1345028	nan	0	0
-3538	1345030	nan	0	0
-3536	1345032	nan	0	0
-3534	1345034	nan	0	0
-3532	1345036	nan	0	0
-3530	1345038	nan	0	0
-3528	1345040	nan	0	0
-3526	1345042	nan	0	0
-3524	1345044	nan	0	0
-3522	1345046	nan	0	0
-3520	1345048	nan	0	0
-3518	1345050	nan	0	0
-3516	1345052	nan	0	0
-3514	1345054	nan	0	0
-3512	1345056	nan	0	0
-3510	1345058	nan	0	0
-3508	1345060	nan	0	0
-3506	1345062	nan	0	0
-3504	1345064	nan	0	0
-3502	1345066	nan	0	0
-3500	1345068	nan	0	0
-3498	1345070	nan	0	0
-3496	1345072	nan	0	0
-3494	1345074	nan	0	0
-3492	1345076	nan	0	0
-3490	1345078	nan	0	0
-3488	1345080	nan	0	0
-3486	1345082	nan	0	0
-3484	1345084	nan	0	0
-3482	1345086	nan	0	0
-3480	1345088	nan	0	0
-3478	1345090	nan	0	0
-3476	1345092	nan	0	0
-3474	1345094	nan	0	0
-3472	1345096	nan	0	0
-3470	1345098	nan	0	0
-3468	1345100	nan	0	0
-3466	1345102	nan	0	0
-3464	1345104	nan	0	0
-3462	1345106	nan	0	0
-3460	1345108	nan	0	0
-3458	1345110	nan	0	0
-3456	1345112	nan	0	0
-3454	1345114	nan	0	0
-3452	1345116	nan	0	0
-3450	1345118	nan	0	0
-3448	1345120	nan	0	0
-3446	1345122	nan	0	0
-3444	1345124	nan	0	0
-3442	1345126	nan	0	0
-3440	1345128	nan	0	0
-3438	1345130	nan	0	0
-3436	1345132	nan	0	0
-3434	1345134	nan	0	0
-3432	1345136	nan	0	0
-3430	1345138	nan	0	0
-3428	1345140	nan	0	0
-3426	1345142	nan	0	0
-3424	1345144	nan	0	0
-3422	1345146	nan	0	0
-3420	1345148	nan	0	0
-3418	1345150	nan	0	0
-3416	1345152	nan	0	0
-3414	1345154	nan	0	0
-3412	1345156	nan	0	0
-3410	1345158	nan	0	0
-3408	1345160	nan	0	0
-3406	1345162	nan	0	0
-3404	1345164	nan	0	0
-3402	1345166	nan	0	0
-3400	1345168	nan	0	0
-3398	1345170	nan	0	0
-3396	1345172	nan	0	0
-3394	1345174	nan	0	0
-3392	1345176	nan	0	0
-3390	1345178	nan	0	0
-3388	1345180	nan	0	0
-3386	1345182	nan	0	0
-3384	1345184	nan	0	0
-3382	1345186	nan	0	0
-3380	1345188	nan	0	0
-3378	1345190	nan	0	0
-3376	1345192	nan	0	0
-3374	1345194	nan	0	0
-3372	1345196	nan	0	0
-3370	1345198	nan	0	0
-3368	1345200	nan	0	0
-3366	1345202	nan	0	0
-3364	1345204	nan	0	0
-3362	1345206	nan	0	0
-3360	1345208	nan	0	0
-3358	1345210	nan	0	0
-3356	1345212	nan	0	0
-3354	1345214	nan	0	0
-3352	1345216	nan	0	0
-3350	1345218	nan	0	0
-3348	1345220	nan	0	0
-3346	1345222	nan	0	0
-3344	1345224	nan	0	0
-3342	1345226	nan	0	0
-3340	1345228	nan	0	0
-3338	1345230	nan	0	0
-3336	1345232	nan	0	0
-3334	1345234	nan	0	0
-3332	1345236	nan	0	0
-3330	1345238	nan	0	0
-3328	1345240	nan	0	0
-3326	1345242	nan	0	0
-3324	1345244	nan	0	0
-3322	1345246	nan	0	0
-3320	1345248	nan	0	0
-3318	1345250	nan	0	0
-3316	1345252	nan	0	0
-3314	1345254	nan	0	0
-3312	1345256	nan	0	0
-3310	1345258	nan	0	0
-3308	1345260	nan	0	0
-3306	1345262	nan	0	0
-3304	1345264	nan	0	0
-3302	1345266	nan	0	0
-3300	1345268	nan	0	0
-3298	1345270	nan	0	0
-3296	1345272	nan	0	0
-3294	1345274	nan	0	0
-3292	1345276	nan	0	0
-3290	1345278	nan	0	0
-3288	1345280	nan	0	0
-3286	1345282	nan	0	0
-3284	1345284	nan	0	0
-3282	1345286	nan	0	0
-3280	1345288	nan	0	0
-3278	1345290	nan	0	0
-3276	1345292	nan	0	0
-3274	1345294	nan	0	0
-3272	1345296	nan	0	0
-3270	1345298	nan	0	0
-3268	1345300	nan	0	0
-3266	1345302	nan	0	0
-3264	1345304	nan	0	0
-3262	1345306	nan	0	0
-3260	1345308	nan	0	0
-3258	1345310	nan	0	0
-3256	1345312	nan	0	0
-3254	1345314	nan	0	0
-3252	1345316	nan	0	0
-3250	1345318	nan	0	0
-3248	1345320	nan	0	0
-3246	1345322	nan	0	0
-3244	1345324	nan	0	0
-3242	1345326	nan	0	0
-3240	1345328	nan	0	0
-3238	1345330	nan	0	0
-3236	1345332	nan	0	0
-3234	1345334	nan	0	0
-3232	1345336	nan	0	0
-3230	1345338	nan	0	0
-3228	1345340	nan	0	0
-3226	1345342	nan	0	0
-3224	1345344	nan	0	0
-3222	1345346	nan	0	0
-3220	1345348	nan	0	0
-3218	1345350	nan	0	0
-3216	1345352	nan	0	0
-3214	1345354	nan	0	0
-3212	1345356	nan	0	0
-3210	1345358	nan	0	0
-3208	1345360	nan	0	0
-3206	1345362	nan	0	0
-3204	1345364	nan	0	0
-3202	1345366	nan	0	0
-3200	1345368	nan	0	0
-3198	1345370	nan	0	0
-3196	1345372	nan	0	0
-3194	1345374	nan	0	0
-3192	1345376	nan	0	0
-3190	1345378	nan	0	0
-3188	1345380	nan	0	0
-3186	1345382	nan	0	0
-3184	1345384	nan	0	0
-3182	1345386	nan	0	0
-3180	1345388	nan	0	0
-3178	1345390	nan	0	0
-3176	1345392	nan	0	0
-3174	1345394	nan	0	0
-3172	1345396	nan	0	0
-3170	1345398	nan	0	0
-3168	1345400	nan	0	0
-3166	1345402	nan	0	0
-3164	1345404	nan	0	0
-3162	1345406	nan	0	0
-3160	1345408	nan	0	0
-3158	1345410	nan	0	0
-3156	1345412	nan	0	0
-3154	1345414	nan	0	0
-3152	1345416	nan	0	0
-3150	1345418	nan	0	0
-3148	1345420	nan	0	0
-3146	1345422	nan	0	0
-3144	1345424	nan	0	0
-3142	1345426	nan	0	0
-3140	1345428	nan	0	0
-3138	1345430	nan	0	0
-3136	1345432	nan	0	0
-3134	1345434	nan	0	0
-3132	1345436	nan	0	0
-3130	1345438	nan	0	0
-3128	1345440	nan	0	0
-3126	1345442	nan	0	0
-3124	1345444	nan	0	0
-3122	1345446	nan	0	0
-3120	1345448	nan	0	0
-3118	1345450	nan	0	0
-3116	1345452	nan	0	0
-3114	1345454	nan	0	0
-3112	1345456	nan	0	0
-3110	1345458	nan	0	0
-3108	1345460	nan	0	0
-3106	1345462	nan	0	0
-3104	1345464	nan	0	0
-3102	1345466	nan	0	0
-3100	1345468	nan	0	0
-3098	1345470	nan	0	0
-3096	1345472	nan	0	0
-3094	1345474	nan	0	0
-3092	1345476	nan	0	0
-3090	1345478	nan	0	0
-3088	1345480	nan	0	0
-3086	1345482	nan	0	0
-3084	1345484	nan	0	0
-3082	1345486	nan	0	0
-3080	1345488	nan	0	0
-3078	1345490	nan	0	0
-3076	1345492	nan	0	0
-3074	1345494	nan	0	0
-3072	1345496	nan	0	0
-3070	1345498	nan	0	0
-3068	1345500	nan	0	0
-3066	1345502	nan	0	0
-3064	1345504	nan	0	0
-3062	1345506	nan	0	0
-3060	1345508	nan	0	0
-3058	1345510	nan	0	0
-3056	1345512	nan	0	0
-3054	1345514	nan	0	0
-3052	1345516	nan	0	0
-3050	1345518	nan	0	0
-3048	1345520	nan	0	0
-3046	1345522	nan	0	0
-3044	1345524	nan	0	0
-3042	1345526	nan	0	0
-3040	1345528	nan	0	0
-3038	1345530	nan	0	0
-3036	1345532	nan	0	0
-3034	1345534	nan	0	0
-3032	1345536	nan	0	0
-3030	1345538	nan	0	0
-3028	1345540	nan	0	0
-3026	1345542	nan	0	0
-3024	1345544	nan	0	0
-3022	1345546	nan	0	0
-3020	1345548	nan	0	0
-3018	1345550	nan	0	0
-3016	1345552	nan	0	0
-3014	1345554	nan	0	0
-3012	1345556	nan	0	0
-3010	1345558	nan	0	0
-3008	1345560	nan	0	0
-3006	1345562	nan	0	0
-3004	1345564	nan	0	0
-3002	1345566	nan	0	0
-3000	1345568	nan	0	0
-2998	1345570	nan	0	0
-2996	1345572	nan	0	0
-2994	1345574	nan	0	0
-2992	1345576	nan	0	0
-2990	1345578	nan	0	0
-2988	1345580	nan	0	0
-2986	1345582	nan	0	0
-2984	1345584	nan	0	0
-2982	1345586	nan	0	0
-2980	1345588	nan	0	0
-2978	1345590	nan	0	0
-2976	1345592	nan	0	0
-2974	1345594	nan	0	0
-2972	1345596	nan	0	0
-2970	1345598	nan	0	0
-2968	1345600	nan	0	0
-2966	1345602	nan	0	0
-2964	1345604	nan	0	0
-2962	1345606	nan	0	0
-2960	1345608	nan	0	0
-2958	1345610	nan	0	0
-2956	1345612	nan	0	0
-2954	1345614	nan	0	0
-2952	1345616	nan	0	0
-2950	1345618	nan	0	0
-2948	1345620	nan	0	0
-2946	1345622	nan	0	0
-2944	1345624	nan	0	0
-2942	1345626	nan	0	0
-2940	1345628	nan	0	0
-2938	1345630	nan	0	0
-2936	1345632	nan	0	0
-2934	1345634	nan	0	0
-2932	1345636	nan	0	0
-2930	1345638	nan	0	0
-2928	1345640	nan	0	0
-2926	1345642	nan	0	0
-2924	1345644	nan	0	0
-2922	1345646	nan	0	0
-2920	1345648	nan	0	0
-2918	1345650	nan	0	0
-2916	1345652	nan	0	0
-2914	1345654	nan	0	0
-2912	1345656	nan	0	0
-2910	1345658	nan	0	0
-2908	1345660	nan	0	0
-2906	1345662	nan	0	0
-2904	1345664	nan	0	0
-2902	1345666	nan	0	0
-2900	1345668	nan	0	0
-2898	1345670	nan	0	0
-2896	1345672	nan	0	0
-2894	1345674	nan	0	0
-2892	1345676	nan	0	0
-2890	1345678	nan	0	0
-2888	1345680	nan	0	0
-2886	1345682	nan	0	0
-2884	1345684	nan	0	0
-2882	1345686	nan	0	0
-2880	1345688	nan	0	0
-2878	1345690	nan	0	0
-2876	1345692	nan	0	0
-2874	1345694	nan	0	0
-2872	1345696	nan	0	0
-2870	1345698	nan	0	0
-2868	1345700	nan	0	0
-2866	1345702	nan	0	0
-2864	1345704	nan	0	0
-2862	1345706	nan	0	0
-2860	1345708	nan	0	0
-2858	1345710	nan	0	0
-2856	1345712	nan	0	0
-2854	1345714	nan	0	0
-2852	1345716	nan	0	0
-2850	1345718	nan	0	0
-2848	1345720	nan	0	0
-2846	1345722	nan	0	0
-2844	1345724	nan	0	0
-2842	1345726	nan	0	0
-2840	1345728	nan	0	0
-2838	1345730	nan	0	0
-2836	1345732	nan	0	0
-2834	1345734	nan	0	0
-2832	1345736	nan	0	0
-2830	1345738	nan	0	0
-2828	1345740	nan	0	0
-2826	1345742	nan	0	0
-2824	1345744	nan	0	0
-2822	1345746	nan	0	0
-2820	1345748	nan	0	0
-2818	1345750	nan	0	0
-2816	1345752	nan	0	0
-2814	1345754	nan	0	0
-2812	1345756	nan	0	0
-2810	1345758	nan	0	0
-2808	1345760	nan	0	0
-2806	1345762	nan	0	0
-2804	1345764	nan	0	0
-2802	1345766	nan	0	0
-2800	1345768	nan	0	0
-2798	1345770	nan	0	0
-2796	1345772	nan	0	0
-2794	1345774	nan	0	0
-2792	1345776	nan	0	0
-2790	1345778	nan	0	0
-2788	1345780	nan	0	0
-2786	1345782	nan	0	0
-2784	1345784	nan	0	0
-2782	1345786	nan	0	0
-2780	1345788	nan	0	0
-2778	1345790	nan	0	0
-2776	1345792	nan	0	0
-2774	1345794	nan	0	0
-2772	1345796	nan	0	0
-2770	1345798	nan	0	0
-2768	1345800	nan	0	0
-2766	1345802	nan	0	0
-2764	1345804	nan	0	0
-2762	1345806	nan	0	0
-2760	1345808	nan	0	0
-2758	1345810	nan	0	0
-2756	1345812	nan	0	0
-2754	1345814	nan	0	0
-2752	1345816	nan	0	0
-2750	1345818	nan	0	0
-2748	1345820	nan	0	0
-2746	1345822	nan	0	0
-2744	1345824	nan	0	0
-2742	1345826	nan	0	0
-2740	1345828	nan	0	0
-2738	1345830	nan	0	0
-2736	1345832	nan	0	0
-2734	1345834	nan	0	0
-2732	1345836	nan	0	0
-2730	1345838	nan	0	0
-2728	1345840	nan	0	0
-2726	1345842	nan	0	0
-2724	1345844	nan	0	0
-2722	1345846	nan	0	0
-2720	1345848	nan	0	0
-2718	1345850	nan	0	0
-2716	1345852	nan	0	0
-2714	1345854	nan	0	0
-2712	1345856	nan	0	0
-2710	1345858	nan	0	0
-2708	1345860	nan	0	0
-2706	1345862	nan	0	0
-2704	1345864	nan	0	0
-2702	1345866	nan	0	0
-2700	1345868	nan	0	0
-2698	1345870	nan	0	0
-2696	1345872	nan	0	0
-2694	1345874	nan	0	0
-2692	1345876	nan	0	0
-2690	1345878	nan	0	0
-2688	1345880	nan	0	0
-2686	1345882	nan	0	0
-2684	1345884	nan	0	0
-2682	1345886	nan	0	0
-2680	1345888	nan	0	0
-2678	1345890	nan	0	0
-2676	1345892	nan	0	0
-2674	1345894	nan	0	0
-2672	1345896	nan	0	0
-2670	1345898	nan	0	0
-2668	1345900	nan	0	0
-2666	1345902	nan	0	0
-2664	1345904	nan	0	0
-2662	1345906	nan	0	0
-2660	1345908	nan	0	0
-2658	1345910	nan	0	0
-2656	1345912	nan	0	0
-2654	1345914	nan	0	0
-2652	1345916	nan	0	0
-2650	1345918	nan	0	0
-2648	1345920	nan	0	0
-2646	1345922	nan	0	0
-2644	1345924	nan	0	0
-2642	1345926	nan	0	0
-2640	1345928	nan	0	0
-2638	1345930	nan	0	0
-2636	1345932	nan	0	0
-2634	1345934	nan	0	0
-2632	1345936	nan	0	0
-2630	1345938	nan	0	0
-2628	1345940	nan	0	0
-2626	1345942	nan	0	0
-2624	1345944	nan	0	0
-2622	1345946	nan	0	0
-2620	1345948	nan	0	0
-2618	1345950	nan	0	0
-2616	1345952	nan	0	0
-2614	1345954	nan	0	0
-2612	1345956	nan	0	0
-2610	1345958	nan	0	0
-2608	1345960	nan	0	0
-2606	1345962	nan	0	0
-2604	1345964	nan	0	0
-2602	1345966	nan	0	0
-2600	1345968	nan	0	0
-2598	1345970	nan	0	0
-2596	1345972	nan	0	0
-2594	1345974	nan	0	0
-2592	1345976	nan	0	0
-2590	1345978	nan	0	0
-2588	1345980	nan	0	0
-2586	1345982	nan	0	0
-2584	1345984	nan	0	0
-2582	1345986	nan	0	0
-2580	1345988	nan	0	0
-2578	1345990	nan	0	0
-2576	1345992	nan	0	0
-2574	1345994	nan	0	0
-2572	1345996	nan	0	0
-2570	1345998	nan	0	0
-2568	1346000	nan	0	0
-2566	1346002	nan	0	0
-2564	1346004	nan	0	0
-2562	1346006	nan	0	0
-2560	1346008	nan	0	0
-2558	1346010	nan	0	0
-2556	1346012	nan	0	0
-2554	1346014	nan	0	0
-2552	1346016	nan	0	0
-2550	1346018	nan	0	0
-2548	1346020	nan	0	0
-2546	1346022	nan	0	0
-2544	1346024	nan	0	0
-2542	1346026	nan	0	0
-2540	1346028	nan	0	0
-2538	1346030	nan	0	0
-2536	1346032	nan	0	0
-2534	1346034	nan	0	0
-2532	1346036	nan	0	0
-2530	1346038	nan	0	0
-2528	1346040	nan	0	0
-2526	1346042	nan	0	0
-2524	1346044	nan	0	0
-2522	1346046	nan	0	0
-2520	1346048	nan	0	0
-2518	1346050	nan	0	0
-2516	1346052	nan	0	0
-2514	1346054	nan	0	0
-2512	1346056	nan	0	0
-2510	1346058	nan	0	0
-2508	1346060	nan	0	0
-2506	1346062	nan	0	0
-2504	1346064	nan	0	0
-2502	1346066	nan	0	0
-2500	1346068	nan	0	0
-2498	1346070	nan	0	0
-2496	1346072	nan	0	0
-2494	1346074	nan	0	0
-2492	1346076	nan	0	0
-2490	1346078	nan	0	0
-2488	1346080	nan	0	0
-2486	1346082	nan	0	0
-2484	1346084	nan	0	0
-2482	1346086	nan	0	0
-2480	1346088	nan	0	0
-2478	1346090	nan	0	0
-2476	1346092	nan	0	0
-2474	1346094	nan	0	0
-2472	1346096	nan	0	0
-2470	1346098	nan	0	0
-2468	1346100	nan	0	0
-2466	1346102	nan	0	0
-2464	1346104	nan	0	0
-2462	1346106	nan	0	0
-2460	1346108	nan	0	0
-2458	1346110	nan	0	0
-2456	1346112	nan	0	0
-2454	1346114	nan	0	0
-2452	1346116	nan	0	0
-2450	1346118	nan	0	0
-2448	1346120	nan	0	0
-2446	1346122	nan	0	0
-2444	1346124	nan	0	0
-2442	1346126	nan	0	0
-2440	1346128	nan	0	0
-2438	1346130	nan	0	0
-2436	1346132	nan	0	0
-2434	1346134	nan	0	0
-2432	1346136	nan	0	0
-2430	1346138	nan	0	0
-2428	1346140	nan	0	0
-2426	1346142	nan	0	0
-2424	1346144	nan	0	0
-2422	1346146	nan	0	0
-2420	1346148	nan	0	0
-2418	1346150	nan	0	0
-2416	1346152	nan	0	0
-2414	1346154	nan	0	0
-2412	1346156	nan	0	0
-2410	1346158	nan	0	0
-2408	1346160	nan	0	0
-2406	1346162	nan	0	0
-2404	1346164	nan	0	0
-2402	1346166	nan	0	0
-2400	1346168	nan	0	0
-2398	1346170	nan	0	0
-2396	1346172	nan	0	0
-2394	1346174	nan	0	0
-2392	1346176	nan	0	0
-2390	1346178	nan	0	0
-2388	1346180	nan	0	0
-2386	1346182	nan	0	0
-2384	1346184	nan	0	0
-2382	1346186	nan	0	0
-2380	1346188	nan	0	0
-2378	1346190	nan	0	0
-2376	1346192	nan	0	0
-2374	1346194	nan	0	0
-2372	1346196	nan	0	0
-2370	1346198	nan	0	0
-2368	1346200	nan	0	0
-2366	1346202	nan	0	0
-2364	1346204	nan	0	0
-2362	1346206	nan	0	0
-2360	1346208	nan	0	0
-2358	1346210	nan	0	0
-2356	1346212	nan	0	0
-2354	1346214	nan	0	0
-2352	1346216	nan	0	0
-2350	1346218	nan	0	0
-2348	1346220	nan	0	0
-2346	1346222	nan	0	0
-2344	1346224	nan	0	0
-2342	1346226	nan	0	0
-2340	1346228	nan	0	0
-2338	1346230	nan	0	0
-2336	1346232	nan	0	0
-2334	1346234	nan	0	0
-2332	1346236	nan	0	0
-2330	1346238	nan	0	0
-2328	1346240	nan	0	0
-2326	1346242	nan	0	0
-2324	1346244	nan	0	0
-2322	1346246	nan	0	0
-2320	1346248	nan	0	0
-2318	1346250	nan	0	0
-2316	1346252	nan	0	0
-2314	1346254	nan	0	0
-2312	1346256	nan	0	0
-2310	1346258	nan	0	0
-2308	1346260	nan	0	0
-2306	1346262	nan	0	0
-2304	1346264	nan	0	0
-2302	1346266	nan	0	0
-2300	1346268	nan	0	0
-2298	1346270	nan	0	0
-2296	1346272	nan	0	0
-2294	1346274	nan	0	0
-2292	1346276	nan	0	0
-2290	1346278	nan	0	0
-2288	1346280	nan	0	0
-2286	1346282	nan	0	0
-2284	1346284	nan	0	0
-2282	1346286	nan	0	0
-2280	1346288	nan	0	0
-2278	1346290	nan	0	0
-2276	1346292	nan	0	0
-2274	1346294	nan	0	0
-2272	1346296	nan	0	0
-2270	1346298	nan	0	0
-2268	1346300	nan	0	0
-2266	1346302	nan	0	0
-2264	1346304	nan	0	0
-2262	1346306	nan	0	0
-2260	1346308	nan	0	0
-2258	1346310	nan	0	0
-2256	1346312	nan	0	0
-2254	1346314	nan	0	0
-2252	1346316	nan	0	0
-2250	1346318	nan	0	0
-2248	1346320	nan	0	0
-2246	1346322	nan	0	0
-2244	1346324	nan	0	0
-2242	1346326	nan	0	0
-2240	1346328	nan	0	0
-2238	1346330	nan	0	0
-2236	1346332	nan	0	0
-2234	1346334	nan	0	0
-2232	1346336	nan	0	0
-2230	1346338	nan	0	0
-2228	1346340	nan	0	0
-2226	1346342	nan	0	0
-2224	1346344	nan	0	0
-2222	1346346	nan	0	0
-2220	1346348	nan	0	0
-2218	1346350	nan	0	0
-2216	1346352	nan	0	0
-2214	1346354	nan	0	0
-2212	1346356	nan	0	0
-2210	1346358	nan	0	0
-2208	1346360	nan	0	0
-2206	1346362	nan	0	0
-2204	1346364	nan	0	0
-2202	1346366	nan	0	0
-2200	1346368	nan	0	0
-2198	1346370	nan	0	0
-2196	1346372	nan	0	0
-2194	1346374	nan	0	0
-2192	1346376	nan	0	0
-2190	1346378	nan	0	0
-2188	1346380	nan	0	0
-2186	1346382	nan	0	0
-2184	1346384	nan	0	0
-2182	1346386	nan	0	0
-2180	1346388	nan	0	0
-2178	1346390	nan	0	0
-2176	1346392	nan	0	0
-2174	1346394	nan	0	0
-2172	1346396	nan	0	0
-2170	1346398	nan	0	0
-2168	1346400	nan	0	0
-2166	1346402	nan	0	0
-2164	1346404	nan	0	0
-2162	1346406	nan	0	0
-2160	1346408	nan	0	0
-2158	1346410	nan	0	0
-2156	1346412	nan	0	0
-2154	1346414	nan	0	0
-2152	1346416	nan	0	0
-2150	1346418	nan	0	0
-2148	1346420	nan	0	0
-2146	1346422	nan	0	0
-2144	1346424	nan	0	0
-2142	1346426	nan	0	0
-2140	1346428	nan	0	0
-2138	1346430	nan	0	0
-2136	1346432	nan	0	0
-2134	1346434	nan	0	0
-2132	1346436	nan	0	0
-2130	1346438	nan	0	0
-2128	1346440	nan	0	0
-2126	1346442	nan	0	0
-2124	1346444	nan	0	0
-2122	1346446	nan	0	0
-2120	1346448	nan	0	0
-2118	1346450	nan	0	0
-2116	1346452	nan	0	0
-2114	1346454	nan	0	0
-2112	1346456	nan	0	0
-2110	1346458	nan	0	0
-2108	1346460	nan	0	0
-2106	1346462	nan	0	0
-2104	1346464	nan	0	0
-2102	1346466	nan	0	0
-2100	1346468	nan	0	0
-2098	1346470	nan	0	0
-2096	1346472	nan	0	0
-2094	1346474	nan	0	0
-2092	1346476	nan	0	0
-2090	1346478	nan	0	0
-2088	1346480	nan	0	0
-2086	1346482	nan	0	0
-2084	1346484	nan	0	0
-2082	1346486	nan	0	0
-2080	1346488	nan	0	0
-2078	1346490	nan	0	0
-2076	1346492	nan	0	0
-2074	1346494	nan	0	0
-2072	1346496	nan	0	0
-2070	1346498	nan	0	0
-2068	1346500	nan	0	0
-2066	1346502	nan	0	0
-2064	1346504	nan	0	0
-2062	1346506	nan	0	0
-2060	1346508	nan	0	0
-2058	1346510	nan	0	0
-2056	1346512	nan	0	0
-2054	1346514	nan	0	0
-2052	1346516	nan	0	0
-2050	1346518	nan	0	0
-2048	1346520	nan	0	0
-2046	1346522	nan	0	0
-2044	1346524	nan	0	0
-2042	1346526	nan	0	0
-2040	1346528	nan	0	0
-2038	1346530	nan	0	0
-2036	1346532	nan	0	0
-2034	1346534	nan	0	0
-2032	1346536	nan	0	0
-2030	1346538	nan	0	0
-2028	1346540	nan	0	0
-2026	1346542	nan	0	0
-2024	1346544	nan	0	0
-2022	1346546	nan	0	0
-2020	1346548	nan	0	0
-2018	1346550	nan	0	0
-2016	1346552	nan	0	0
-2014	1346554	nan	0	0
-2012	1346556	nan	0	0
-2010	1346558	nan	0	0
-2008	1346560	nan	0	0
-2006	1346562	nan	0	0
-2004	1346564	nan	0	0
-2002	1346566	nan	0	0
-2000	1346568	nan	0	0
-1998	1346570	nan	0	0
-1996	1346572	nan	0	0
-1994	1346574	nan	0	0
-1992	1346576	nan	0	0
-1990	1346578	nan	0	0
-1988	1346580	nan	0	0
-1986	1346582	nan	0	0
-1984	1346584	nan	0	0
-1982	1346586	nan	0	0
-1980	1346588	nan	0	0
-1978	1346590	nan	0	0
-1976	1346592	nan	0	0
-1974	1346594	nan	0	0
-1972	1346596	nan	0	0
-1970	1346598	nan	0	0
-1968	1346600	nan	0	0
-1966	1346602	nan	0	0
-1964	1346604	nan	0	0
-1962	1346606	nan	0	0
-1960	1346608	nan	0	0
-1958	1346610	nan	0	0
-1956	1346612	nan	0	0
-1954	1346614	nan	0	0
-1952	1346616	nan	0	0
-1950	1346618	nan	0	0
-1948	1346620	nan	0	0
-1946	1346622	nan	0	0
-1944	1346624	nan	0	0
-1942	1346626	nan	0	0
-1940	1346628	nan	0	0
-1938	1346630	nan	0	0
-1936	1346632	nan	0	0
-1934	1346634	nan	0	0
-1932	1346636	nan	0	0
-1930	1346638	nan	0	0
-1928	1346640	nan	0	0
-1926	1346642	nan	0	0
-1924	1346644	nan	0	0
-1922	1346646	nan	0	0
-1920	1346648	nan	0	0
-1918	1346650	nan	0	0
-1916	1346652	nan	0	0
-1914	1346654	nan	0	0
-1912	1346656	nan	0	0
-1910	1346658	nan	0	0
-1908	1346660	nan	0	0
-1906	1346662	nan	0	0
-1904	1346664	nan	0	0
-1902	1346666	nan	0	0
-1900	1346668	nan	0	0
-1898	1346670	nan	0	0
-1896	1346672	nan	0	0
-1894	1346674	nan	0	0
-1892	1346676	nan	0	0
-1890	1346678	nan	0	0
-1888	1346680	nan	0	0
-1886	1346682	nan	0	0
-1884	1346684	nan	0	0
-1882	1346686	nan	0	0
-1880	1346688	nan	0	0
-1878	1346690	nan	0	0
-1876	1346692	nan	0	0
-1874	1346694	nan	0	0
-1872	1346696	nan	0	0
-1870	1346698	nan	0	0
-1868	1346700	nan	0	0
-1866	1346702	nan	0	0
-1864	1346704	nan	0	0
-1862	1346706	nan	0	0
-1860	1346708	nan	0	0
-1858	1346710	nan	0	0
-1856	1346712	nan	0	0
-1854	1346714	nan	0	0
-1852	1346716	nan	0	0
-1850	1346718	nan	0	0
-1848	1346720	nan	0	0
-1846	1346722	nan	0	0
-1844	1346724	nan	0	0
-1842	1346726	nan	0	0
-1840	1346728	nan	0	0
-1838	1346730	nan	0	0
-1836	1346732	nan	0	0
-1834	1346734	nan	0	0
-1832	1346736	nan	0	0
-1830	1346738	nan	0	0
-1828	1346740	nan	0	0
-1826	1346742	nan	0	0
-1824	1346744	nan	0	0
-1822	1346746	nan	0	0
-1820	1346748	nan	0	0
-1818	1346750	nan	0	0
-1816	1346752	nan	0	0
-1814	1346754	nan	0	0
-1812	1346756	nan	0	0
-1810	1346758	nan	0	0
-1808	1346760	nan	0	0
-1806	1346762	nan	0	0
-1804	1346764	nan	0	0
-1802	1346766	nan	0	0
-1800	1346768	nan	0	0
-1798	1346770	nan	0	0
-1796	1346772	nan	0	0
-1794	1346774	nan	0	0
-1792	1346776	nan	0	0
-1790	1346778	nan	0	0
-1788	1346780	nan	0	0
-1786	1346782	nan	0	0
-1784	1346784	nan	0	0
-1782	1346786	nan	0	0
-1780	1346788	nan	0	0
-1778	1346790	nan	0	0
-1776	1346792	nan	0	0
-1774	1346794	nan	0	0
-1772	1346796	nan	0	0
-1770	1346798	nan	0	0
-1768	1346800	nan	0	0
-1766	1346802	nan	0	0
-1764	1346804	nan	0	0
-1762	1346806	nan	0	0
-1760	1346808	nan	0	0
-1758	1346810	nan	0	0
-1756	1346812	nan	0	0
-1754	1346814	nan	0	0
-1752	1346816	nan	0	0
-1750	1346818	nan	0	0
-1748	1346820	nan	0	0
-1746	1346822	nan	0	0
-1744	1346824	nan	0	0
-1742	1346826	nan	0	0
-1740	1346828	nan	0	0
-1738	1346830	nan	0	0
-1736	1346832	nan	0	0
-1734	1346834	nan	0	0
-1732	1346836	nan	0	0
-1730	1346838	nan	0	0
-1728	1346840	nan	0	0
-1726	1346842	nan	0	0
-1724	1346844	nan	0	0
-1722	1346846	nan	0	0
-1720	1346848	nan	0	0
-1718	1346850	nan	0	0
-1716	1346852	nan	0	0
-1714	1346854	nan	0	0
-1712	1346856	nan	0	0
-1710	1346858	nan	0	0
-1708	1346860	nan	0	0
-1706	1346862	nan	0	0
-1704	1346864	nan	0	0
-1702	1346866	nan	0	0
-1700	1346868	nan	0	0
-1698	1346870	nan	0	0
-1696	1346872	nan	0	0
-1694	1346874	nan	0	0
-1692	1346876	nan	0	0
-1690	1346878	nan	0	0
-1688	1346880	nan	0	0
-1686	1346882	nan	0	0
-1684	1346884	nan	0	0
-1682	1346886	nan	0	0
-1680	1346888	nan	0	0
-1678	1346890	nan	0	0
-1676	1346892	nan	0	0
-1674	1346894	nan	0	0
-1672	1346896	nan	0	0
-1670	1346898	nan	0	0
-1668	1346900	nan	0	0
-1666	1346902	nan	0	0
-1664	1346904	nan	0	0
-1662	1346906	nan	0	0
-1660	1346908	nan	0	0
-1658	1346910	nan	0	0
-1656	1346912	nan	0	0
-1654	1346914	nan	0	0
-1652	1346916	nan	0	0
-1650	1346918	nan	0	0
-1648	1346920	nan	0	0
-1646	1346922	nan	0	0
-1644	1346924	nan	0	0
-1642	1346926	nan	0	0
-1640	1346928	nan	0	0
-1638	1346930	nan	0	0
-1636	1346932	nan	0	0
-1634	1346934	nan	0	0
-1632	1346936	nan	0	0
-1630	1346938	nan	0	0
-1628	1346940	nan	0	0
-1626	1346942	nan	0	0
-1624	1346944	nan	0	0
-1622	1346946	nan	0	0
-1620	1346948	nan	0	0
-1618	1346950	nan	0	0
-1616	1346952	nan	0	0
-1614	1346954	nan	0	0
-1612	1346956	nan	0	0
-1610	1346958	nan	0	0
-1608	1346960	nan	0	0
-1606	1346962	nan	0	0
-1604	1346964	nan	0	0
-1602	1346966	nan	0	0
-1600	1346968	nan	0	0
-1598	1346970	nan	0	0
-1596	1346972	nan	0	0
-1594	1346974	nan	0	0
-1592	1346976	nan	0	0
-1590	1346978	nan	0	0
-1588	1346980	nan	0	0
-1586	1346982	nan	0	0
-1584	1346984	nan	0	0
-1582	1346986	nan	0	0
-1580	1346988	nan	0	0
-1578	1346990	nan	0	0
-1576	1346992	nan	0	0
-1574	1346994	nan	0	0
-1572	1346996	nan	0	0
-1570	1346998	nan	0	0
-1568	1347000	nan	0	0
-1566	1347002	nan	0	0
-1564	1347004	nan	0	0
-1562	1347006	nan	0	0
-1560	1347008	nan	0	0
-1558	1347010	nan	0	0
-1556	1347012	nan	0	0
-1554	1347014	nan	0	0
-1552	1347016	nan	0	0
-1550	1347018	nan	0	0
-1548	1347020	nan	0	0
-1546	1347022	nan	0	0
-1544	1347024	nan	0	0
-1542	1347026	nan	0	0
-1540	1347028	nan	0	0
-1538	1347030	nan	0	0
-1536	1347032	nan	0	0
-1534	1347034	nan	0	0
-1532	1347036	nan	0	0
-1530	1347038	nan	0	0
-1528	1347040	nan	0	0
-1526	1347042	nan	0	0
-1524	1347044	nan	0	0
-1522	1347046	nan	0	0
-1520	1347048	nan	0	0
-1518	1347050	nan	0	0
-1516	1347052	nan	0	0
-1514	1347054	nan	0	0
-1512	1347056	nan	0	0
-1510	1347058	nan	0	0
-1508	1347060	nan	0	0
-1506	1347062	nan	0	0
-1504	1347064	nan	0	0
-1502	1347066	nan	0	0
-1500	1347068	nan	0	0
-1498	1347070	nan	0	0
-1496	1347072	nan	0	0
-1494	1347074	nan	0	0
-1492	1347076	nan	0	0
-1490	1347078	nan	0	0
-1488	1347080	nan	0	0
-1486	1347082	nan	0	0
-1484	1347084	nan	0	0
-1482	1347086	nan	0	0
-1480	1347088	nan	0	0
-1478	1347090	nan	0	0
-1476	1347092	nan	0	0
-1474	1347094	nan	0	0
-1472	1347096	nan	0	0
-1470	1347098	nan	0	0
-1468	1347100	nan	0	0
-1466	1347102	nan	0	0
-1464	1347104	nan	0	0
-1462	1347106	nan	0	0
-1460	1347108	nan	0	0
-1458	1347110	nan	0	0
-1456	1347112	nan	0	0
-1454	1347114	nan	0	0
-1452	1347116	nan	0	0
-1450	1347118	nan	0	0
-1448	1347120	nan	0	0
-1446	1347122	nan	0	0
-1444	1347124	nan	0	0
-1442	1347126	nan	0	0
-1440	1347128	nan	0	0
-1438	1347130	nan	0	0
-1436	1347132	nan	0	0
-1434	1347134	nan	0	0
-1432	1347136	nan	0	0
-1430	1347138	nan	0	0
-1428	1347140	nan	0	0
-1426	1347142	nan	0	0
-1424	1347144	nan	0	0
-1422	1347146	nan	0	0
-1420	1347148	nan	0	0
-1418	1347150	nan	0	0
-1416	1347152	nan	0	0
-1414	1347154	nan	0	0
-1412	1347156	nan	0	0
-1410	1347158	nan	0	0
-1408	1347160	nan	0	0
-1406	1347162	nan	0	0
-1404	1347164	nan	0	0
-1402	1347166	nan	0	0
-1400	1347168	nan	0	0
-1398	1347170	nan	0	0
-1396	1347172	nan	0	0
-1394	1347174	nan	0	0
-1392	1347176	nan	0	0
-1390	1347178	nan	0	0
-1388	1347180	nan	0	0
-1386	1347182	nan	0	0
-1384	1347184	nan	0	0
-1382	1347186	nan	0	0
-1380	1347188	nan	0	0
-1378	1347190	nan	0	0
-1376	1347192	nan	0	0
-1374	1347194	nan	0	0
-1372	1347196	nan	0	0
-1370	1347198	nan	0	0
-1368	1347200	nan	0	0
-1366	1347202	nan	0	0
-1364	1347204	nan	0	0
-1362	1347206	nan	0	0
-1360	1347208	nan	0	0
-1358	1347210	nan	0	0
-1356	1347212	nan	0	0
-1354	1347214	nan	0	0
-1352	1347216	nan	0	0
-1350	1347218	nan	0	0
-1348	1347220	nan	0	0
-1346	1347222	nan	0	0
-1344	1347224	nan	0	0
-1342	1347226	nan	0	0
-1340	1347228	nan	0	0
-1338	1347230	nan	0	0
-1336	1347232	nan	0	0
-1334	1347234	nan	0	0
-1332	1347236	nan	0	0
-1330	1347238	nan	0	0
-1328	1347240	nan	0	0
-1326	1347242	nan	0	0
-1324	1347244	nan	0	0
-1322	1347246	nan	0	0
-1320	1347248	nan	0	0
-1318	1347250	nan	0	0
-1316	1347252	nan	0	0
-1314	1347254	nan	0	0
-1312	1347256	nan	0	0
-1310	1347258	nan	0	0
-1308	1347260	nan	0	0
-1306	1347262	nan	0	0
-1304	1347264	nan	0	0
-1302	1347266	nan	0	0
-1300	1347268	nan	0	0
-1298	1347270	nan	0	0
-1296	1347272	nan	0	0
-1294	1347274	nan	0	0
-1292	1347276	nan	0	0
-1290	1347278	nan	0	0
-1288	1347280	nan	0	0
-1286	1347282	nan	0	0
-1284	1347284	nan	0	0
-1282	1347286	nan	0	0
-1280	1347288	nan	0	0
-1278	1347290	nan	0	0
-1276	1347292	nan	0	0
-1274	1347294	nan	0	0
-1272	1347296	nan	0	0
-1270	1347298	nan	0	0
-1268	1347300	nan	0	0
-1266	1347302	nan	0	0
-1264	1347304	nan	0	0
-1262	1347306	nan	0	0
-1260	1347308	nan	0	0
-1258	1347310	nan	0	0
-1256	1347312	nan	0	0
-1254	1347314	nan	0	0
-1252	1347316	nan	0	0
-1250	1347318	nan	0	0
-1248	1347320	nan	0	0
-1246	1347322	nan	0	0
-1244	1347324	nan	0	0
-1242	1347326	nan	0	0
-1240	1347328	nan	0	0
-1238	1347330	nan	0	0
-1236	1347332	nan	0	0
-1234	1347334	nan	0	0
-1232	1347336	nan	0	0
-1230	1347338	nan	0	0
-1228	1347340	nan	0	0
-1226	1347342	nan	0	0
-1224	1347344	nan	0	0
-1222	1347346	nan	0	0
-1220	1347348	nan	0	0
-1218	1347350	nan	0	0
-1216	1347352	nan	0	0
-1214	1347354	nan	0	0
-1212	1347356	nan	0	0
-1210	1347358	nan	0	0
-1208	1347360	nan	0	0
-1206	1347362	nan	0	0
-1204	1347364	nan	0	0
-1202	1347366	nan	0	0
-1200	1347368	nan	0	0
-1198	1347370	nan	0	0
-1196	1347372	nan	0	0
-1194	1347374	nan	0	0
-1192	1347376	nan	0	0
-1190	1347378	nan	0	0
-1188	1347380	nan	0	0
-1186	1347382	nan	0	0
-1184	1347384	nan	0	0
-1182	1347386	nan	0	0
-1180	1347388	nan	0	0
-1178	1347390	nan	0	0
-1176	1347392	nan	0	0
-1174	1347394	nan	0	0
-1172	1347396	nan	0	0
-1170	1347398	nan	0	0
-1168	1347400	nan	0	0
-1166	1347402	nan	0	0
-1164	1347404	nan	0	0
-1162	1347406	nan	0	0
-1160	1347408	nan	0	0
-1158	1347410	nan	0	0
-1156	1347412	nan	0	0
-1154	1347414	nan	0	0
-1152	1347416	nan	0	0
-1150	1347418	nan	0	0
-1148	1347420	nan	0	0
-1146	1347422	nan	0	0
-1144	1347424	nan	0	0
-1142	1347426	nan	0	0
-1140	1347428	nan	0	0
-1138	1347430	nan	0	0
-1136	1347432	nan	0	0
-1134	1347434	nan	0	0
-1132	1347436	nan	0	0
-1130	1347438	nan	0	0
-1128	1347440	nan	0	0
-1126	1347442	nan	0	0
-1124	1347444	nan	0	0
-1122	1347446	nan	0	0
-1120	1347448	nan	0	0
-1118	1347450	nan	0	0
-1116	1347452	nan	0	0
-1114	1347454	nan	0	0
-1112	1347456	nan	0	0
-1110	1347458	nan	0	0
-1108	1347460	nan	0	0
-1106	1347462	nan	0	0
-1104	1347464	nan	0	0
-1102	1347466	nan	0	0
-1100	1347468	nan	0	0
-1098	1347470	nan	0	0
-1096	1347472	nan	0	0
-1094	1347474	nan	0	0
-1092	1347476	nan	0	0
-1090	1347478	nan	0	0
-1088	1347480	nan	0	0
-1086	1347482	nan	0	0
-1084	1347484	nan	0	0
-1082	1347486	nan	0	0
-1080	1347488	nan	0	0
-1078	1347490	nan	0	0
-1076	1347492	nan	0	0
-1074	1347494	nan	0	0
-1072	1347496	nan	0	0
-1070	1347498	nan	0	0
-1068	1347500	nan	0	0
-1066	1347502	nan	0	0
-1064	1347504	nan	0	0
-1062	1347506	nan	0	0
-1060	1347508	nan	0	0
-1058	1347510	nan	0	0
-1056	1347512	nan	0	0
-1054	1347514	nan	0	0
-1052	1347516	nan	0	0
-1050	1347518	nan	0	0
-1048	1347520	nan	0	0
-1046	1347522	nan	0	0
-1044	1347524	nan	0	0
-1042	1347526	nan	0	0
-1040	1347528	nan	0	0
-1038	1347530	nan	0	0
-1036	1347532	nan	0	0
-1034	1347534	nan	0	0
-1032	1347536	nan	0	0
-1030	1347538	nan	0	0
-1028	1347540	nan	0	0
-1026	1347542	nan	0	0
-1024	1347544	nan	0	0
-1022	1347546	nan	0	0
-1020	1347548	nan	0	0
-1018	1347550	nan	0	0
-1016	1347552	nan	0	0
-1014	1347554	nan	0	0
-1012	1347556	nan	0	0
-1010	1347558	nan	0	0
-1008	1347560	nan	0	0
-1006	1347562	nan	0	0
-1004	1347564	nan	0	0
-1002	1347566	nan	0	0
-1000	1347568	nan	0	0
-998	1347570	nan	0	0
-996	1347572	nan	0	0
-994	1347574	nan	0	0
-992	1347576	nan	0	0
-990	1347578	nan	0	0
-988	1347580	nan	0	0
-986	1347582	nan	0	0
-984	1347584	nan	0	0
-982	1347586	nan	0	0
-980	1347588	nan	0	0
-978	1347590	nan	0	0
-976	1347592	nan	0	0
-974	1347594	nan	0	0
-972	1347596	nan	0	0
-970	1347598	nan	0	0
-968	1347600	nan	0	0
-966	1347602	nan	0	0
-964	1347604	nan	0	0
-962	1347606	nan	0	0
-960	1347608	nan	0	0
-958	1347610	nan	0	0
-956	1347612	nan	0	0
-954	1347614	nan	0	0
-952	1347616	nan	0	0
-950	1347618	nan	0	0
-948	1347620	nan	0	0
-946	1347622	nan	0	0
-944	1347624	nan	0	0
-942	1347626	nan	0	0
-940	1347628	nan	0	0
-938	1347630	nan	0	0
-936	1347632	nan	0	0
-934	1347634	nan	0	0
-932	1347636	nan	0	0
-930	1347638	nan	0	0
-928	1347640	nan	0	0
-926	1347642	nan	0	0
-924	1347644	nan	0	0
-922	1347646	nan	0	0
-920	1347648	nan	0	0
-918	1347650	nan	0	0
-916	1347652	nan	0	0
-914	1347654	nan	0	0
-912	1347656	nan	0	0
-910	1347658	nan	0	0
-908	1347660	nan	0	0
-906	1347662	nan	0	0
-904	1347664	nan	0	0
-902	1347666	nan	0	0
-900	1347668	nan	0	0
-898	1347670	nan	0	0
-896	1347672	nan	0	0
-894	1347674	nan	0	0
-892	1347676	nan	0	0
-890	1347678	nan	0	0
-888	1347680	nan	0	0
-886	1347682	nan	0	0
-884	1347684	nan	0	0
-882	1347686	nan	0	0
-880	1347688	nan	0	0
-878	1347690	nan	0	0
-876	1347692	nan	0	0
-874	1347694	nan	0	0
-872	1347696	nan	0	0
-870	1347698	nan	0	0
-868	1347700	nan	0	0
-866	1347702	nan	0	0
-864	1347704	nan	0	0
-862	1347706	nan	0	0
-860	1347708	nan	0	0
-858	1347710	nan	0	0
-856	1347712	nan	0	0
-854	1347714	nan	0	0
-852	1347716	nan	0	0
-850	1347718	nan	0	0
-848	1347720	nan	0	0
-846	1347722	nan	0	0
-844	1347724	nan	0	0
-842	1347726	nan	0	0
-840	1347728	nan	0	0
-838	1347730	nan	0	0
-836	1347732	nan	0	0
-834	1347734	nan	0	0
-832	1347736	nan	0	0
-830	1347738	nan	0	0
-828	1347740	nan	0	0
-826	1347742	nan	0	0
-824	1347744	nan	0	0
-822	1347746	nan	0	0
-820	1347748	nan	0	0
-818	1347750	nan	0	0
-816	1347752	nan	0	0
-814	1347754	nan	0	0
-812	1347756	nan	0	0
-810	1347758	nan	0	0
-808	1347760	nan	0	0
-806	1347762	nan	0	0
-804	1347764	nan	0	0
-802	1347766	nan	0	0
-800	1347768	nan	0	0
-798	1347770	nan	0	0
-796	1347772	nan	0	0
-794	1347774	nan	0	0
-792	1347776	nan	0	0
-790	1347778	nan	0	0
-788	1347780	nan	0	0
-786	1347782	nan	0	0
-784	1347784	nan	0	0
-782	1347786	nan	0	0
-780	1347788	nan	0	0
-778	1347790	nan	0	0
-776	1347792	nan	0	0
-774	1347794	nan	0	0
-772	1347796	nan	0	0
-770	1347798	nan	0	0
-768	1347800	nan	0	0
-766	1347802	nan	0	0
-764	1347804	nan	0	0
-762	1347806	nan	0	0
-760	1347808	nan	0	0
-758	1347810	nan	0	0
-756	1347812	nan	0	0
-754	1347814	nan	0	0
-752	1347816	nan	0	0
-750	1347818	nan	0	0
-748	1347820	nan	0	0
-746	1347822	nan	0	0
-744	1347824	nan	0	0
-742	1347826	nan	0	0
-740	1347828	nan	0	0
-738	1347830	nan	0	0
-736	1347832	nan	0	0
-734	1347834	nan	0	0
-732	1347836	nan	0	0
-730	1347838	nan	0	0
-728	1347840	nan	0	0
-726	1347842	nan	0	0
-724	1347844	nan	0	0
-722	1347846	nan	0	0
-720	1347848	nan	0	0
-718	1347850	nan	0	0
-716	1347852	nan	0	0
-714	1347854	nan	0	0
-712	1347856	nan	0	0
-710	1347858	nan	0	0
-708	1347860	nan	0	0
-706	1347862	nan	0	0
-704	1347864	nan	0	0
-702	1347866	nan	0	0
-700	1347868	nan	0	0
-698	1347870	nan	0	0
-696	1347872	nan	0	0
-694	1347874	nan	0	0
-692	1347876	nan	0	0
-690	1347878	nan	0	0
-688	1347880	nan	0	0
-686	1347882	nan	0	0
-684	1347884	nan	0	0
-682	1347886	nan	0	0
-680	1347888	nan	0	0
-678	1347890	nan	0	0
-676	1347892	nan	0	0
-674	1347894	nan	0	0
-672	1347896	nan	0	0
-670	1347898	nan	0	0
-668	1347900	nan	0	0
-666	1347902	nan	0	0
-664	1347904	nan	0	0
-662	1347906	nan	0	0
-660	1347908	nan	0	0
-658	1347910	nan	0	0
-656	1347912	nan	0	0
-654	1347914	nan	0	0
-652	1347916	nan	0	0
-650	1347918	nan	0	0
-648	1347920	nan	0	0
-646	1347922	nan	0	0
-644	1347924	nan	0	0
-642	1347926	nan	0	0
-640	1347928	nan	0	0
-638	1347930	nan	0	0
-636	1347932	nan	0	0
-634	1347934	nan	0	0
-632	1347936	nan	0	0
-630	1347938	nan	0	0
-628	1347940	nan	0	0
-626	1347942	nan	0	0
-624	1347944	nan	0	0
-622	1347946	nan	0	0
-620	1347948	nan	0	0
-618	1347950	nan	0	0
-616	1347952	nan	0	0
-614	1347954	nan	0	0
-612	1347956	nan	0	0
-610	1347958	nan	0	0
-608	1347960	nan	0	0
-606	1347962	nan	0	0
-604	1347964	nan	0	0
-602	1347966	nan	0	0
-600	1347968	nan	0	0
-598	1347970	nan	0	0
-596	1347972	nan	0	0
-594	1347974	nan	0	0
-592	1347976	nan	0	0
-590	1347978	nan	0	0
-588	1347980	nan	0	0
-586	1347982	nan	0	0
-584	1347984	nan	0	0
-582	1347986	nan	0	0
-580	1347988	nan	0	0
-578	1347990	nan	0	0
-576	1347992	nan	0	0
-574	1347994	nan	0	0
-572	1347996	nan	0	0
-570	1347998	nan	0	0
-568	1348000	nan	0	0
-566	1348002	nan	0	0
-564	1348004	nan	0	0
-562	1348006	nan	0	0
-560	1348008	nan	0	0
-558	1348010	nan	0	0
-556	1348012	nan	0	0
-554	1348014	nan	0	0
-552	1348016	nan	0	0
-550	1348018	nan	0	0
-548	1348020	nan	0	0
-546	1348022	nan	0	0
-544	1348024	nan	0	0
-542	1348026	nan	0	0
-540	1348028	nan	0	0
-538	1348030	nan	0	0
-536	1348032	nan	0	0
-534	1348034	nan	0	0
-532	1348036	nan	0	0
-530	1348038	nan	0	0
-528	1348040	nan	0	0
-526	1348042	nan	0	0
-524	1348044	nan	0	0
-522	1348046	nan	0	0
-520	1348048	nan	0	0
-518	1348050	nan	0	0
-516	1348052	nan	0	0
-514	1348054	nan	0	0
-512	1348056	nan	0	0
-510	1348058	nan	0	0
-508	1348060	nan	0	0
-506	1348062	nan	0	0
-504	1348064	nan	0	0
-502	1348066	nan	0	0
-500	1348068	nan	0	0
-498	1348070	nan	0	0
-496	1348072	nan	0	0
-494	1348074	nan	0	0
-492	1348076	nan	0	0
-490	1348078	nan	0	0
-488	1348080	nan	0	0
-486	1348082	nan	0	0
-484	1348084	nan	0	0
-482	1348086	nan	0	0
-480	1348088	nan	0	0
-478	1348090	nan	0	0
-476	1348092	nan	0	0
-474	1348094	nan	0	0
-472	1348096	nan	0	0
-470	1348098	nan	0	0
-468	1348100	nan	0	0
-466	1348102	nan	0	0
-464	1348104	nan	0	0
-462	1348106	nan	0	0
-460	1348108	nan	0	0
-458	1348110	nan	0	0
-456	1348112	nan	0	0
-454	1348114	nan	0	0
-452	1348116	nan	0	0
-450	1348118	nan	0	0
-448	1348120	nan	0	0
-446	1348122	nan	0	0
-444	1348124	nan	0	0
-442	1348126	nan	0	0
-440	1348128	nan	0	0
-438	1348130	nan	0	0
-436	1348132	nan	0	0
-434	1348134	nan	0	0
-432	1348136	nan	0	0
-430	1348138	nan	0	0
-428	1348140	nan	0	0
-426	1348142	nan	0	0
-424	1348144	nan	0	0
-422	1348146	nan	0	0
-420	1348148	nan	0	0
-418	1348150	nan	0	0
-416	1348152	nan	0	0
-414	1348154	nan	0	0
-412	1348156	nan	0	0
-410	1348158	nan	0	0
-408	1348160	nan	0	0
-406	1348162	nan	0	0
-404	1348164	nan	0	0
-402	1348166	nan	0	0
-400	1348168	nan	0	0
-398	1348170	nan	0	0
-396	1348172	nan	0	0
-394	1348174	nan	0	0
-392	1348176	nan	0	0
-390	1348178	nan	0	0
-388	1348180	nan	0	0
-386	1348182	nan	0	0
-384	1348184	nan	0	0
-382	1348186	nan	0	0
-380	1348188	nan	0	0
-378	1348190	nan	0	0
-376	1348192	nan	0	0
-374	1348194	nan	0	0
-372	1348196	nan	0	0
-370	1348198	nan	0	0
-368	1348200	nan	0	0
-366	1348202	nan	0	0
-364	1348204	nan	0	0
-362	1348206	nan	0	0
-360	1348208	nan	0	0
-358	1348210	nan	0	0
-356	1348212	nan	0	0
-354	1348214	nan	0	0
-352	1348216	nan	0	0
-350	1348218	nan	0	0
-348	1348220	nan	0	0
-346	1348222	nan	0	0
-344	1348224	nan	0	0
-342	1348226	nan	0	0
-340	1348228	nan	0	0
-338	1348230	nan	0	0
-336	1348232	nan	0	0
-334	1348234	nan	0	0
-332	1348236	nan	0	0
-330	1348238	nan	0	0
-328	1348240	nan	0	0
-326	1348242	nan	0	0
-324	1348244	nan	0	0
-322	1348246	nan	0	0
-320	1348248	nan	0	0
-318	1348250	nan	0	0
-316	1348252	nan	0	0
-314	1348254	nan	0	0
-312	1348256	nan	0	0
-310	1348258	nan	0	0
-308	1348260	nan	0	0
-306	1348262	nan	0	0
-304	1348264	nan	0	0
-302	1348266	nan	0	0
-300	1348268	nan	0	0
-298	1348270	nan	0	0
-296	1348272	nan	0	0
-294	1348274	nan	0	0
-292	1348276	nan	0	0
-290	1348278	nan	0	0
-288	1348280	nan	0	0
-286	1348282	nan	0	0
-284	1348284	nan	0	0
-282	1348286	nan	0	0
-280	1348288	nan	0	0
-278	1348290	nan	0	0
-276	1348292	nan	0	0
-274	1348294	nan	0	0
-272	1348296	nan	0	0
-270	1348298	nan	0	0
-268	1348300	nan	0	0
-266	1348302	nan	0	0
-264	1348304	nan	0	0
-262	1348306	nan	0	0
-260	1348308	nan	0	0
-258	1348310	nan	0	0
-256	1348312	nan	0	0
-254	1348314	nan	0	0
-252	1348316	nan	0	0
-250	1348318	nan	0	0
-248	1348320	nan	0	0
-246	1348322	nan	0	0
-244	1348324	nan	0	0
-242	1348326	nan	0	0
-240	1348328	nan	0	0
-238	1348330	4.289809933564e-01	1	0
-236	1348332	1.040948510744e-01	1	0
-234	1348334	8.782628120120e-02	1	0
-232	1348336	9.141028046865e-02	1	0
-230	1348338	6.844413834887e-02	1	0
-228	1348340	8.600167480804e-02	1	0
-226	1348342	7.655133547105e-02	1	0
-224	1348344	5.657310775680e-02	1	0
-222	1348346	5.692703006941e-02	1	0
-220	1348348	6.133588932554e-02	1	0
-218	1348350	6.339504171853e-02	1	0
-216	1348352	5.937336037521e-02	1	0
-214	1348354	5.996829548092e-02	1	0
-212	1348356	5.978745828722e-02	1	0
-210	1348358	5.839949403260e-02	1	0
-208	1348360	4.855495889469e-02	1	0
-206	1348362	5.254816442080e-02	1	0
-204	1348364	5.172499429875e-02	1	0
-202	1348366	5.528398614510e-02	1	0
-200	1348368	5.390453598748e-02	1	0
-198	1348370	4.783828805316e-02	1	0
-196	1348372	4.663090543073e-02	1	0
-194	1348374	4.425053206628e-02	1	0
-192	1348376	4.442383240252e-02	1	0
-190	1348378	4.979714316742e-02	1	0
-188	1348380	4.293252219108e-02	1	0
-186	1348382	4.239302517197e-02	1	0
-184	1348384	4.042189289152e-02	1	0
-182	1348386	3.832472760231e-02	1	0
-180	1348388	4.050412491023e-02	1	0
-178	1348390	4.108900480247e-02	1	0
-176	1348392	3.560681590123e-02	1	0
-174	1348394	3.524337360924e-02	1	0
-172	1348396	3.286209987928e-02	1	0
-170	1348398	3.381606574407e-02	1	0
-168	1348400	3.141748670342e-02	1	0
-166	1348402	3.135109950908e-02	1	0
-164	1348404	3.117274260411e-02	1	0
-162	1348406	2.596590804310e-02	1	0
-160	1348408	2.562622318908e-02	1	0
-158	1348410	2.541732086883e-02	1	0
-156	1348412	2.413486242472e-02	1	0
-154	1348414	2.321137639189e-02	1	0
-152	1348416	2.141109036023e-02	1	0
-150	1348418	2.099169337643e-02	1	0
-148	1348420	1.974792389026e-02	1	0
-146	1348422	1.964659299077e-02	1	0
-144	1348424	1.868028905387e-02	1	0
-142	1348426	1.739582410548e-02	1	0
-140	1348428	1.739061518170e-02	1	0
-138	1348430	1.656248364811e-02	1	0
-136	1348432	1.605382093803e-02	1	0
-134	1348434	1.600488342250e-02	1	0
-132	1348436	1.446728454071e-02	1	0
-130	1348438	1.416603432788e-02	1	0
-128	1348440	1.325981232139e-02	1	0
-126	1348442	1.284525647212e-02	1	0
-124	1348444	1.147308529718e-02	1	0
-122	1348446	1.014599726705e-02	1	0
-120	1348448	8.372613998821e-03	1	0
-118	1348450	8.330557783720e-03	1	0
-116	1348452	8.696963624137e-03	1	0
-114	1348454	8.053871385241e-03	1	0
-112	1348456	7.828828333653e-03	1	0
-110	1348458	8.364418317639e-03	1	0
-108	1348460	7.958208885245e-03	1	0
-106	1348462	8.062194357176e-03	1	0
-104	1348464	8.485547453746e-03	1	0
-102	1348466	7.935031739464e-03	1	0
-100	1348468	8.166518143726e-03	1	0
-98	1348470	8.836559390120e-03	1	0
-96	1348472	8.304048552073e-03	1	0
-94	1348474	8.615007886481e-03	1	0
-92	1348476	9.069434533285e-03	1	0
-90	1348478	8.525579340349e-03	1	0
-88	1348480	8.917857515889e-03	1	0
-86	1348482	9.133308833378e-03	1	0
-84	1348484	8.594937145436e-03	1	0
-82	1348486	8.862687449153e-03	1	0
-80	1348488	9.255394465512e-03	1	0
-78	1348490	8.588242819817e-03	1	0
-76	1348492	8.994230155371e-03	1	0
-74	1348494	9.297473548305e-03	1	0
-72	1348496	8.243787128039e-03	1	0
-70	1348498	8.632162528909e-03	1	0
-68	1348500	8.858910261820e-03	1	0
-66	1348502	8.035288303377e-03	1	0
-64	1348504	8.535904176486e-03	1	0
-62	1348506	8.902713977781e-03	1	0
-60	1348508	8.242146972288e-03	1	0
-58	1348510	8.834789572084e-03	1	0
-56	1348512	9.167566904473e-03	1	0
-54	1348514	8.388529800053e-03	1	0
-52	1348516	8.893679797899e-03	1	0
-50	1348518	9.267869414422e-03	1	0
-48	1348520	8.395743329679e-03	1	0
-46	1348522	9.098379048232e-03	1	0
-44	1348524	9.325746494321e-03	1	0
-42	1348526	8.463876605421e-03	1	0
-40	1348528	8.964717470848e-03	1	0
-38	1348530	9.292445018197e-03	1	0
-36	1348532	8.452169345492e-03	1	0
-34	1348534	9.047904692430e-03	1	0
-32	1348536	9.470522466783e-03	1	0
-30	1348538	8.690162063562e-03	1	0
-28	1348540	9.356086289334e-03	1	0
-26	1348542	9.615199956548e-03	1	0
-24	1348544	8.895889291611e-03	1	0
-22	1348546	9.609817102488e-03	1	0
-20	1348548	9.646488449492e-03	1	0
-18	1348550	8.832963926249e-03	1	0
-16	1348552	9.311741454093e-03	1	0
-14	1348554	9.612206938666e-03	1	0
-12	1348556	8.956050308855e-03	1	0
-10	1348558	9.637702505042e-03	1	0
-8	1348560	9.842556215108e-03	1	0
-6	1348562	8.970171735214e-03	1	0
-4	1348564	9.764998667668e-03	1	0
-2	1348566	1.000892854514e-02	1	0
0	1348568	9.311370776760e-03	1	0
2	1348570	9.818665605168e-03	1	0
4	1348572	9.700311684556e-03	1	0
6	1348574	8.685489993280e-03	1	0
8	1348576	9.457059118250e-03	1	0
10	1348578	9.662086023412e-03	1	0
12	1348580	8.891671484933e-03	1	0
14	1348582	9.663874201994e-03	1	0
16	1348584	9.719633310606e-03	1	0
18	1348586	9.269617484692e-03	1	0
20	1348588	1.000032874514e-02	1	0
22	1348590	1.031042742560e-02	1	0
24	1348592	9.599665877032e-03	1	0
26	1348594	1.033033503643e-02	1	0
28	1348596	1.033924932703e-02	1	0
30	1348598	9.332048170232e-03	1	0
32	1348600	9.844882680688e-03	1	0
34	1348602	9.333706968082e-03	1	0
36	1348604	8.450751942428e-03	1	0
38	1348606	9.570775957608e-03	1	0
40	1348608	9.677844828046e-03	1	0
42	1348610	9.193526035413e-03	1	0
44	1348612	1.026848872522e-02	1	0
46	1348614	1.040153780099e-02	1	0
48	1348616	1.006284533495e-02	1	0
50	1348618	1.072620052619e-02	1	0
52	1348620	1.057816067614e-02	1	0
54	1348622	9.960561930161e-03	1	0
56	1348624	1.038932941731e-02	1	0
58	1348626	9.651324775118e-03	1	0
60	1348628	8.917063904877e-03	1	0
62	1348630	9.595111655611e-03	1	0
64	1348632	9.380705224552e-03	1	0
66	1348634	8.898756605260e-03	1	0
68	1348636	9.997125432470e-03	1	0
70	1348638	9.911650574018e-03	1	0
72	1348640	9.689687105782e-03	1	0
74	1348642	1.064610359626e-02	1	0
76	1348644	1.011956995874e-02	1	0
78	1348646	9.624230745508e-03	1	0
80	1348648	1.052698871206e-02	1	0
82	1348650	1.010964172536e-02	1	0
84	1348652	9.683575686554e-03	1	0
86	1348654	1.058525605925e-02	1	0
88	1348656	1.033287966258e-02	1	0
90	1348658	9.836312465077e-03	1	0
92	1348660	1.056879742347e-02	1	0
94	1348662	1.038004256699e-02	1	0
96	1348664	1.000210934156e-02	1	0
98	1348666	1.072922263989e-02	1	0
100	1348668	1.043209774328e-02	1	0
102	1348670	9.991539597392e-03	1	0
104	1348672	1.096907986763e-02	1	0
106	1348674	1.035035104435e-02	1	0
108	1348676	9.762146724518e-03	1	0
110	1348678	1.024186734238e-02	1	0
112	1348680	9.733538300733e-03	1	0
114	1348682	9.119463866256e-03	1	0
116	1348684	8.744613748207e-03	1	0
118	1348686	7.634506253827e-03	1	0
120	1348688	7.311736506026e-03	1	0
122	1348690	8.812117795359e-03	1	0
124	1348692	1.014243136636e-02	1	0
126	1348694	1.127311977085e-02	1	0
128	1348696	1.228974291321e-02	1	0
130	1348698	1.398543761563e-02	1	0
132	1348700	1.535758535554e-02	1	0
134	1348702	1.750206377375e-02	1	0
136	1348704	1.830276961018e-02	1	0
138	1348706	2.027993611452e-02	1	0
140	1348708	2.163122911857e-02	1	0
142	1348710	2.264130240234e-02	1	0
144	1348712	2.321767398534e-02	1	0
146	1348714	2.486288200294e-02	1	0
148	1348716	2.681556087092e-02	1	0
150	1348718	2.854152553618e-02	1	0
152	1348720	3.118623136166e-02	1	0
154	1348722	3.071348720586e-02	1	0
156	1348724	3.319580761871e-02	1	0
158	1348726	3.442838140980e-02	1	0
160	1348728	3.742920128558e-02	1	0
162	1348730	3.863890456533e-02	1	0
164	1348732	3.935591946807e-02	1	0
166	1348734	4.384239310395e-02	1	0
168	1348736	4.348697962565e-02	1	0
170	1348738	4.560157139810e-02	1	0
172	1348740	4.605090685065e-02	1	0
174	1348742	4.544958352876e-02	1	0
176	1348744	4.970760364997e-02	1	0
178	1348746	5.100239909825e-02	1	0
180	1348748	5.797030160782e-02	1	0
182	1348750	5.217848062944e-02	1	0
184	1348752	5.997413999815e-02	1	0
186	1348754	5.744939355806e-02	1	0
188	1348756	6.698590639978e-02	1	0
190	1348758	6.250185412865e-02	1	0
192	1348760	6.606685569501e-02	1	0
194	1348762	6.454897817682e-02	1	0
196	1348764	6.241122690511e-02	1	0
198	1348766	6.940950791726e-02	1	0
200	1348768	6.803093102742e-02	1	0
202	1348770	7.282598837791e-02	1	0
204	1348772	7.598487513434e-02	1	0
206	1348774	7.406197217485e-02	1	0
208	1348776	7.390891810863e-02	1	0
210	1348778	7.382993489159e-02	1	0
212	1348780	8.043304709877e-02	1	0
214	1348782	7.867042946971e-02	1	0
216	1348784	7.431158443764e-02	1	0
218	1348786	8.297603578511e-02	1	0
220	1348788	8.829127030269e-02	1	0
222	1348790	8.941116756073e-02	1	0
224	1348792	9.175552676455e-02	1	0
226	1348794	8.631942881099e-02	1	0
228	1348796	1.147217653378e-01	1	0
230	1348798	8.381449610768e-02	1	0
232	1348800	9.945027187415e-02	1	0
234	1348802	9.820993432070e-02	1	0
236	1348804	1.026599508241e-01	1	0
238	1348806	9.730286010667e-02	1	0
240	1348808	nan	0	0
242	1348810	nan	0	0
244	1348812	nan	0	0
246	1348814	nan	0	0
248	1348816	nan	0	0
250	1348818	nan	0	0
252	1348820	nan	0	0
254	1348822	nan	0	0
256	1348824	nan	0	0
258	1348826	nan	0	0
260	1348828	nan	0	0
262	1348830	nan	0	0
264	1348832	nan	0	0
266	1348834	nan	0	0
268	1348836	nan	0	0
270	1348838	nan	0	0
272	1348840	nan	0	0
274	1348842	nan	0	0
276	1348844	nan	0	0
278	1348846	nan	0	0
280	1348848	nan	0	0
282	1348850	nan	0	0
284	1348852	nan	0	0
286	1348854	nan	0	0
288	1348856	nan	0	0
290	1348858	nan	0	0
292	1348860	nan	0	0
294	1348862	nan	0	0
296	1348864	nan	0	0
298	1348866	nan	0	0
300	1348868	nan	0	0
302	1348870	nan	0	0
304	1348872	nan	0	0
306	1348874	nan	0	0
308	1348876	nan	0	0
310	1348878	nan	0	0
312	1348880	nan	0	0
314	1348882	nan	0	0
316	1348884	nan	0	0
318	1348886	nan	0	0
320	1348888	nan	0	0
322	1348890	nan	0	0
324	1348892	nan	0	0
326	1348894	nan	0	0
328	1348896	nan	0	0
330	1348898	nan	0	0
332	1348900	nan	0	0
334	1348902	nan	0	0
336	1348904	nan	0	0
338	1348906	nan	0	0
340	1348908	nan	0	0
342	1348910	nan	0	0
344	1348912	nan	0	0
346	1348914	nan	0	0
348	1348916	nan	0	0
350	1348918	nan	0	0
352	1348920	nan	0	0
354	1348922	nan	0	0
356	1348924	nan	0	0
358	1348926	nan	0	0
360	1348928	nan	0	0
362	1348930	nan	0	0
364	1348932	nan	0	0
366	1348934	nan	0	0
368	1348936	nan	0	0
370	1348938	nan	0	0
372	1348940	nan	0	0
374	1348942	nan	0	0
376	1348944	nan	0	0
378	1348946	nan	0	0
380	1348948	nan	0	0
382	1348950	nan	0	0
384	1348952	nan	0	0
386	1348954	nan	0	0
388	1348956	nan	0	0
390	1348958	nan	0	0
392	1348960	nan	0	0
394	1348962	nan	0	0
396	1348964	nan	0	0
398	1348966	nan	0	0
400	1348968	nan	0	0
402	1348970	nan	0	0
404	1348972	nan	0	0
406	1348974	nan	0	0
408	1348976	nan	0	0
410	1348978	nan	0	0
412	1348980	nan	0	0
414	1348982	nan	0	0
416	1348984	nan	0	0
418	1348986	nan	0	0
420	1348988	nan	0	0
422	1348990	nan	0	0
424	1348992	nan	0	0
426	1348994	nan	0	0
428	1348996	nan	0	0
430	1348998	nan	0	0
432	1349000	nan	0	0
434	1349002	nan	0	0
436	1349004	nan	0	0
438	1349006	nan	0	0
440	1349008	nan	0	0
442	1349010	nan	0	0
444	1349012	nan	0	0
446	1349014	nan	0	0
448	1349016	nan	0	0
450	1349018	nan	0	0
452	1349020	nan	0	0
454	1349022	nan	0	0
456	1349024	nan	0	0
458	1349026	nan	0	0
460	1349028	nan	0	0
462	1349030	nan	0	0
464	1349032	nan	0	0
466	1349034	nan	0	0
468	1349036	nan	0	0
470	1349038	nan	0	0
472	1349040	nan	0	0
474	1349042	nan	0	0
476	1349044	nan	0	0
478	1349046	nan	0	0
480	1349048	nan	0	0
482	1349050	nan	0	0
484	1349052	nan	0	0
486	1349054	nan	0	0
488	1349056	nan	0	0
490	1349058	nan	0	0
492	1349060	nan	0	0
494	1349062	nan	0	0
496	1349064	nan	0	0
498	1349066	nan	0	0
500	1349068	nan	0	0
502	1349070	nan	0	0
504	1349072	nan	0	0
506	1349074	nan	0	0
508	1349076	nan	0	0
510	1349078	nan	0	0
512	1349080	nan	0	0
514	1349082	nan	0	0
516	1349084	nan	0	0
518	1349086	nan	0	0
520	1349088	nan	0	0
522	1349090	nan	0	0
524	1349092	nan	0	0
526	1349094	nan	0	0
528	1349096	nan	0	0
530	1349098	nan	0	0
532	1349100	nan	0	0
534	1349102	nan	0	0
536	1349104	nan	0	0
538	1349106	nan	0	0
540	1349108	nan	0	0
542	1349110	nan	0	0
544	1349112	nan	0	0
546	1349114	nan	0	0
548	1349116	nan	0	0
550	1349118	nan	0	0
552	1349120	nan	0	0
554	1349122	nan	0	0
556	1349124	nan	0	0
558	1349126	nan	0	0
560	1349128	nan	0	0
562	1349130	nan	0	0
564	1349132	nan	0	0
566	1349134	nan	0	0
568	1349136	nan	0	0
570	1349138	nan	0	0
572	1349140	nan	0	0
574	1349142	nan	0	0
576	1349144	nan	0	0
578	1349146	nan	0	0
580	1349148	nan	0	0
582	1349150	nan	0	0
584	1349152	nan	0	0
586	1349154	nan	0	0
588	1349156	nan	0	0
590	1349158	nan	0	0
592	1349160	nan	0	0
594	1349162	nan	0	0
596	1349164	nan	0	0
598	1349166	nan	0	0
600	1349168	nan	0	0
602	1349170	nan	0	0
604	1349172	nan	0	0
606	1349174	nan	0	0
608	1349176	nan	0	0
610	1349178	nan	0	0
612	1349180	nan	0	0
614	1349182	nan	0	0
616	1349184	nan	0	0
618	1349186	nan	0	0
620	1349188	nan	0	0
622	1349190	nan	0	0
624	1349192	nan	0	0
626	1349194	nan	0	0
628	1349196	nan	0	0
630	1349198	nan	0	0
632	1349200	nan	0	0
634	1349202	nan	0	0
636	1349204	nan	0	0
638	1349206	nan	0	0
640	1349208	nan	0	0
642	1349210	nan	0	0
644	1349212	nan	0	0
646	1349214	nan	0	0
648	1349216	nan	0	0
650	1349218	nan	0	0
652	1349220	nan	0	0
654	1349222	nan	0	0
656	1349224	nan	0	0
658	1349226	nan	0	0
660	1349228	nan	0	0
662	1349230	nan	0	0
664	1349232	nan	0	0
666	1349234	nan	0	0
668	1349236	nan	0	0
670	1349238	nan	0	0
672	1349240	nan	0	0
674	1349242	nan	0	0
676	1349244	nan	0	0
678	1349246	nan	0	0
680	1349248	nan	0	0
682	1349250	nan	0	0
684	1349252	nan	0	0
686	1349254	nan	0	0
688	1349256	nan	0	0
690	1349258	nan	0	0
692	1349260	nan	0	0
694	1349262	nan	0	0
696	1349264	nan	0	0
698	1349266	nan	0	0
700	1349268	nan	0	0
702	1349270	nan	0	0
704	1349272	nan	0	0
706	1349274	nan	0	0
708	1349276	nan	0	0
710	1349278	nan	0	0
712	1349280	nan	0	0
714	1349282	nan	0	0
716	1349284	nan	0	0
718	1349286	nan	0	0
720	1349288	nan	0	0
722	1349290	nan	0	0
724	1349292	nan	0	0
726	1349294	nan	0	0
728	1349296	nan	0	0
730	1349298	nan	0	0
732	1349300	nan	0	0
734	1349302	nan	0	0
736	1349304	nan	0	0
738	1349306	nan	0	0
740	1349308	nan	0	0
742	1349310	nan	0	0
744	1349312	nan	0	0
746	1349314	nan	0	0
748	1349316	nan	0	0
750	1349318	nan	0	0
752	1349320	nan	0	0
754	1349322	nan	0	0
756	1349324	nan	0	0
758	1349326	nan	0	0
760	1349328	nan	0	0
762	1349330	nan	0	0
764	1349332	nan	0	0
766	1349334	nan	0	0
768	1349336	nan	0	0
770	1349338	nan	0	0
772	1349340	nan	0	0
774	1349342	nan	0	0
776	1349344	nan	0	0
778	1349346	nan	0	0
780	1349348	nan	0	0
782	1349350	nan	0	0
784	1349352	nan	0	0
786	1349354	nan	0	0
788	1349356	nan	0	0
790	1349358	nan	0	0
792	1349360	nan	0	0
794	1349362	nan	0	0
796	1349364	nan	0	0
798	1349366	nan	0	0
800	1349368	nan	0	0
802	1349370	nan	0	0
804	1349372	nan	0	0
806	1349374	nan	0	0
808	1349376	nan	0	0
810	1349378	nan	0	0
812	1349380	nan	0	0
814	1349382	nan	0	0
816	1349384	nan	0	0
818	1349386	nan	0	0
820	1349388	nan	0	0
822	1349390	nan	0	0
824	1349392	nan	0	0
826	1349394	nan	0	0
828	1349396	nan	0	0
830	1349398	nan	0	0
832	1349400	nan	0	0
834	1349402	nan	0	0
836	1349404	nan	0	0
838	1349406	nan	0	0
840	1349408	nan	0	0
842	1349410	nan	0	0
844	1349412	nan	0	0
846	1349414	nan	0	0
848	1349416	nan	0	0
850	1349418	nan	0	0
852	1349420	nan	0	0
854	1349422	nan	0	0
856	1349424	nan	0	0
858	1349426	nan	0	0
860	1349428	nan	0	0
862	1349430	nan	0	0
864	1349432	nan	0	0
866	1349434	nan	0	0
868	1349436	nan	0	0
870	1349438	nan	0	0
872	1349440	nan	0	0
874	1349442	nan	0	0
876	1349444	nan	0	0
878	1349446	nan	0	0
880	1349448	nan	0	0
882	1349450	nan	0	0
884	1349452	nan	0	0
886	1349454	nan	0	0
888	1349456	nan	0	0
890	1349458	nan	0	0
892	1349460	nan	0	0
894	1349462	nan	0	0
896	1349464	nan	0	0
898	1349466	nan	0	0
900	1349468	nan	0	0
902	1349470	nan	0	0
904	1349472	nan	0	0
906	1349474	nan	0	0
908	1349476	nan	0	0
910	1349478	nan	0	0
912	1349480	nan	0	0
914	1349482	nan	0	0
916	1349484	nan	0	0
918	1349486	nan	0	0
920	1349488	nan	0	0
922	1349490	nan	0	0
924	1349492	nan	0	0
926	1349494	nan	0	0
928	1349496	nan	0	0
930	1349498	nan	0	0
932	1349500	nan	0	0
934	1349502	nan	0	0
936	1349504	nan	0	0
938	1349506	nan	0	0
940	1349508	nan	0	0
942	1349510	nan	0	0
944	1349512	nan	0	0
946	1349514	nan	0	0
948	1349516	nan	0	0
950	1349518	nan	0	0
952	1349520	nan	0	0
954	1349522	nan	0	0
956	1349524	nan	0	0
958	1349526	nan	0	0
960	1349528	nan	0	0
962	1349530	nan	0	0
964	1349532	nan	0	0
966	1349534	nan	0	0
968	1349536	nan	0	0
970	1349538	nan	0	0
972	1349540	nan	0	0
974	1349542	nan	0	0
976	1349544	nan	0	0
978	1349546	nan	0	0
980	1349548	nan	0	0
982	1349550	nan	0	0
984	1349552	nan	0	0
986	1349554	nan	0	0
988	1349556	nan	0	0
990	1349558	nan	0	0
992	1349560	nan	0	0
994	1349562	nan	0	0
996	1349564	nan	0	0
998	1349566	nan	0	0
1000	1349568	nan	0	0
1002	1349570	nan	0	0
1004	1349572	nan	0	0
1006	1349574	nan	0	0
1008	1349576	nan	0	0
1010	1349578	nan	0	0
1012	1349580	nan	0	0
1014	1349582	nan	0	0
1016	1349584	nan	0	0
1018	1349586	nan	0	0
1020	1349588	nan	0	0
1022	1349590	nan	0	0
1024	1349592	nan	0	0
1026	1349594	nan	0	0
1028	1349596	nan	0	0
1030	1349598	nan	0	0
1032	1349600	nan	0	0
1034	1349602	nan	0	0
1036	1349604	nan	0	0
1038	1349606	nan	0	0
1040	1349608	nan	0	0
1042	1349610	nan	0	0
1044	1349612	nan	0	0
1046	1349614	nan	0	0
1048	1349616	nan	0	0
1050	1349618	nan	0	0
1052	1349620	nan	0	0
1054	1349622	nan	0	0
1056	1349624	nan	0	0
1058	1349626	nan	0	0
1060	1349628	nan	0	0
1062	1349630	nan	0	0
1064	1349632	nan	0	0
1066	1349634	nan	0	0
1068	1349636	nan	0	0
1070	1349638	nan	0	0
1072	1349640	nan	0	0
1074	1349642	nan	0	0
1076	1349644	nan	0	0
1078	1349646	nan	0	0
1080	1349648	nan	0	0
1082	1349650	nan	0	0
1084	1349652	nan	0	0
1086	1349654	nan	0	0
1088	1349656	nan	0	0
1090	1349658	nan	0	0
1092	1349660	nan	0	0
1094	1349662	nan	0	0
1096	1349664	nan	0	0
1098	1349666	nan	0	0
1100	1349668	nan	0	0
1102	1349670	nan	0	0
1104	1349672	nan	0	0
1106	1349674	nan	0	0
1108	1349676	nan	0	0
1110	1349678	nan	0	0
1112	1349680	nan	0	0
1114	1349682	nan	0	0
1116	1349684	nan	0	0
1118	1349686	nan	0	0
1120	1349688	nan	0	0
1122	1349690	nan	0	0
1124	1349692	nan	0	0
1126	1349694	nan	0	0
1128	1349696	nan	0	0
1130	1349698	nan	0	0
1132	1349700	nan	0	0
1134	1349702	nan	0	0
1136	1349704	nan	0	0
1138	1349706	nan	0	0
1140	1349708	nan	0	0
1142	1349710	nan	0	0
1144	1349712	nan	0	0
1146	1349714	nan	0	0
1148	1349716	nan	0	0
1150	1349718	nan	0	0
1152	1349720	nan	0	0
1154	1349722	nan	0	0
1156	1349724	nan	0	0
1158	1349726	nan	0	0
1160	1349728	nan	0	0
1162	1349730	nan	0	0
1164	1349732	nan	0	0
1166	1349734	nan	0	0
1168	1349736	nan	0	0
1170	1349738	nan	0	0
1172	1349740	nan	0	0
1174	1349742	nan	0	0
1176	1349744	nan	0	0
1178	1349746	nan	0	0
1180	1349748	nan	0	0
1182	1349750	nan	0	0
1184	1349752	nan	0	0
1186	1349754	nan	0	0
1188	1349756	nan	0	0
1190	1349758	nan	0	0
1192	1349760	nan	0	0
1194	1349762	nan	0	0
1196	1349764	nan	0	0
1198	1349766	nan	0	0
1200	1349768	nan	0	0
1202	1349770	nan	0	0
1204	1349772	nan	0	0
1206	1349774	nan	0	0
1208	1349776	nan	0	0
1210	1349778	nan	0	0
1212	1349780	nan	0	0
1214	1349782	nan	0	0
1216	1349784	nan	0	0
1218	1349786	nan	0	0
1220	1349788	nan	0	0
1222	1349790	nan	0	0
1224	1349792	nan	0	0
1226	1349794	nan	0	0
1228	1349796	nan	0	0
1230	1349798	nan	0	0
1232	1349800	nan	0	0
1234	1349802	nan	0	0
1236	1349804	nan	0	0
1238	1349806	nan	0	0
1240	1349808	nan	0	0
1242	1349810	nan	0	0
1244	1349812	nan	0	0
1246	1349814	nan	0	0
1248	1349816	nan	0	0
1250	1349818	nan	0	0
1252	1349820	nan	0	0
1254	1349822	nan	0	0
1256	1349824	nan	0	0
1258	1349826	nan	0	0
1260	1349828	nan	0	0
1262	1349830	nan	0	0
1264	1349832	nan	0	0
1266	1349834	nan	0	0
1268	1349836	nan	0	0
1270	1349838	nan	0	0
1272	1349840	nan	0	0
1274	1349842	nan	0	0
1276	1349844	nan	0	0
1278	1349846	nan	0	0
1280	1349848	nan	0	0
1282	1349850	nan	0	0
1284	1349852	nan	0	0
1286	1349854	nan	0	0
1288	1349856	nan	0	0
1290	1349858	nan	0	0
1292	1349860	nan	0	0
1294	1349862	nan	0	0
1296	1349864	nan	0	0
1298	1349866	nan	0	0
1300	1349868	nan	0	0
1302	1349870	nan	0	0
1304	1349872	nan	0	0
1306	1349874	nan	0	0
1308	1349876	nan	0	0
1310	1349878	nan	0	0
1312	1349880	nan	0	0
1314	1349882	nan	0	0
1316	1349884	nan	0	0
1318	1349886	nan	0	0
1320	1349888	nan	0	0
1322	1349890	nan	0	0
1324	1349892	nan	0	0
1326	1349894	nan	0	0
1328	1349896	nan	0	0
1330	1349898	nan	0	0
1332	1349900	nan	0	0
1334	1349902	nan	0	0
1336	1349904	nan	0	0
1338	1349906	nan	0	0
1340	1349908	nan	0	0
1342	1349910	nan	0	0
1344	1349912	nan	0	0
1346	1349914	nan	0	0
1348	1349916	nan	0	0
1350	1349918	nan	0	0
1352	1349920	nan	0	0
1354	1349922	nan	0	0
1356	1349924	nan	0	0
1358	1349926	nan	0	0
1360	1349928	nan	0	0
1362	1349930	nan	0	0
1364	1349932	nan	0	0
1366	1349934	nan	0	0
1368	1349936	nan	0	0
1370	1349938	nan	0	0
1372	1349940	nan	0	0
1374	1349942	nan	0	0
1376	1349944	nan	0	0
1378	1349946	nan	0	0
1380	1349948	nan	0	0
1382	1349950	nan	0	0
1384	1349952	nan	0	0
1386	1349954	nan	0	0
1388	1349956	nan	0	0
1390	1349958	nan	0	0
1392	1349960	nan	0	0
1394	1349962	nan	0	0
1396	1349964	nan	0	0
1398	1349966	nan	0	0
1400	1349968	nan	0	0
1402	1349970	nan	0	0
1404	1349972	nan	0	0
1406	1349974	nan	0	0
1408	1349976	nan	0	0
1410	1349978	nan	0	0
1412	1349980	nan	0	0
1414	1349982	nan	0	0
1416	1349984	nan	0	0
1418	1349986	nan	0	0
1420	1349988	nan	0	0
1422	1349990	nan	0	0
1424	1349992	nan	0	0
1426	1349994	nan	0	0
1428	1349996	nan	0	0
1430	1349998	nan	0	0
1432	1350000	nan	0	0
1434	1350002	nan	0	0
1436	1350004	nan	0	0
1438	1350006	nan	0	0
1440	1350008	nan	0	0
1442	1350010	nan	0	0
1444	1350012	nan	0	0
1446	1350014	nan	0	0
1448	1350016	nan	0	0
1450	1350018	nan	0	0
1452	1350020	nan	0	0
1454	1350022	nan	0	0
1456	1350024	nan	0	0
1458	1350026	nan	0	0
1460	1350028	nan	0	0
1462	1350030	nan	0	0
1464	1350032	nan	0	0
1466	1350034	nan	0	0
1468	1350036	nan	0	0
1470	1350038	nan	0	0
1472	1350040	nan	0	0
1474	1350042	nan	0	0
1476	1350044	nan	0	0
1478	1350046	nan	0	0
1480	1350048	nan	0	0
1482	1350050	nan	0	0
1484	1350052	nan	0	0
1486	1350054	nan	0	0
1488	1350056	nan	0	0
1490	1350058	nan	0	0
1492	1350060	nan	0	0
1494	1350062	nan	0	0
1496	1350064	nan	0	0
1498	1350066	nan	0	0
1500	1350068	nan	0	0
1502	1350070	nan	0	0
1504	1350072	nan	0	0
1506	1350074	nan	0	0
1508	1350076	nan	0	0
1510	1350078	nan	0	0
1512	1350080	nan	0	0
1514	1350082	nan	0	0
1516	1350084	nan	0	0
1518	1350086	nan	0	0
1520	1350088	nan	0	0
1522	1350090	nan	0	0
1524	1350092	nan	0	0
1526	1350094	nan	0	0
1528	1350096	nan	0	0
1530	1350098	nan	0	0
1532	1350100	nan	0	0
1534	1350102	nan	0	0
1536	1350104	nan	0	0
1538	1350106	nan	0	0
1540	1350108	nan	0	0
1542	1350110	nan	0	0
1544	1350112	nan	0	0
1546	1350114	nan	0	0
1548	1350116	nan	0	0
1550	1350118	nan	0	0
1552	1350120	nan	0	0
1554	1350122	nan	0	0
1556	1350124	nan	0	0
1558	1350126	nan	0	0
1560	1350128	nan	0	0
1562	1350130	nan	0	0
1564	1350132	nan	0	0
1566	1350134	nan	0	0
1568	1350136	nan	0	0
1570	1350138	nan	0	0
1572	1350140	nan	0	0
1574	1350142	nan	0	0
1576	1350144	nan	0	0
1578	1350146	nan	0	0
1580	1350148	nan	0	0
1582	1350150	nan	0	0
1584	1350152	nan	0	0
1586	1350154	nan	0	0
1588	1350156	nan	0	0
1590	1350158	nan	0	0
1592	1350160	nan	0	0
1594	1350162	nan	0	0
1596	1350164	nan	0	0
1598	1350166	nan	0	0
1600	1350168	nan	0	0
1602	1350170	nan	0	0
1604	1350172	nan	0	0
1606	1350174	nan	0	0
1608	1350176	nan	0	0
1610	1350178	nan	0	0
1612	1350180	nan	0	0
1614	1350182	nan	0	0
1616	1350184	nan	0	0
1618	1350186	nan	0	0
1620	1350188	nan	0	0
1622	1350190	nan	0	0
1624	1350192	nan	0	0
1626	1350194	nan	0	0
1628	1350196	nan	0	0
1630	1350198	nan	0	0
1632	1350200	nan	0	0
1634	1350202	nan	0	0
1636	1350204	nan	0	0
1638	1350206	nan	0	0
1640	1350208	nan	0	0
1642	1350210	nan	0	0
1644	1350212	nan	0	0
1646	1350214	nan	0	0
1648	1350216	nan	0	0
1650	1350218	nan	0	0
1652	1350220	nan	0	0
1654	1350222	nan	0	0
1656	1350224	nan	0	0
1658	1350226	nan	0	0
1660	1350228	nan	0	0
1662	1350230	nan	0	0
1664	1350232	nan	0	0
1666	1350234	nan	0	0
1668	1350236	nan	0	0
1670	1350238	nan	0	0
1672	1350240	nan	0	0
1674	1350242	nan	0	0
1676	1350244	nan	0	0
1678	1350246	nan	0	0
1680	1350248	nan	0	0
1682	1350250	nan	0	0
1684	1350252	nan	0	0
1686	1350254	nan	0	0
1688	1350256	nan	0	0
1690	1350258	nan	0	0
1692	1350260	nan	0	0
1694	1350262	nan	0	0
1696	1350264	nan	0	0
1698	1350266	nan	0	0
1700	1350268	nan	0	0
1702	1350270	nan	0	0
1704	1350272	nan	0	0
1706	1350274	nan	0	0
1708	1350276	nan	0	0
1710	1350278	nan	0	0
1712	1350280	nan	0	0
1714	1350282	nan	0	0
1716	1350284	nan	0	0
1718	1350286	nan	0	0
1720	1350288	nan	0	0
1722	1350290	nan	0	0
1724	1350292	nan	0	0
1726	1350294	nan	0	0
1728	1350296	nan	0	0
1730	1350298	nan	0	0
1732	1350300	nan	0	0
1734	1350302	nan	0	0
1736	1350304	nan	0	0
1738	1350306	nan	0	0
1740	1350308	nan	0	0
1742	1350310	nan	0	0
1744	1350312	nan	0	0
1746	1350314	nan	0	0
1748	1350316	nan	0	0
1750	1350318	nan	0	0
1752	1350320	nan	0	0
1754	1350322	nan	0	0
1756	1350324	nan	0	0
1758	1350326	nan	0	0
1760	1350328	nan	0	0
1762	1350330	nan	0	0
1764	1350332	nan	0	0
1766	1350334	nan	0	0
1768	1350336	nan	0	0
1770	1350338	nan	0	0
1772	1350340	nan	0	0
1774	1350342	nan	0	0
1776	1350344	nan	0	0
1778	1350346	nan	0	0
1780	1350348	nan	0	0
1782	1350350	nan	0	0
1784	1350352	nan	0	0
1786	1350354	nan	0	0
1788	1350356	nan	0	0
1790	1350358	nan	0	0
1792	1350360	nan	0	0
1794	1350362	nan	0	0
1796	1350364	nan	0	0
1798	1350366	nan	0	0
1800	1350368	nan	0	0
1802	1350370	nan	0	0
1804	1350372	nan	0	0
1806	1350374	nan	0	0
1808	1350376	nan	0	0
1810	1350378	nan	0	0
1812	1350380	nan	0	0
1814	1350382	nan	0	0
1816	1350384	nan	0	0
1818	1350386	nan	0	0
1820	1350388	nan	0	0
1822	1350390	nan	0	0
1824	1350392	nan	0	0
1826	1350394	nan	0	0
1828	1350396	nan	0	0
1830	1350398	nan	0	0
1832	1350400	nan	0	0
1834	1350402	nan	0	0
1836	1350404	nan	0	0
1838	1350406	nan	0	0
1840	1350408	nan	0	0
1842	1350410	nan	0	0
1844	1350412	nan	0	0
1846	1350414	nan	0	0
1848	1350416	nan	0	0
1850	1350418	nan	0	0
1852	1350420	nan	0	0
1854	1350422	nan	0	0
1856	1350424	nan	0	0
1858	1350426	nan	0	0
1860	1350428	nan	0	0
1862	1350430	nan	0	0
1864	1350432	nan	0	0
1866	1350434	nan	0	0
1868	1350436	nan	0	0
1870	1350438	nan	0	0
1872	1350440	nan	0	0
1874	1350442	nan	0	0
1876	1350444	nan	0	0
1878	1350446	nan	0	0
1880	1350448	nan	0	0
1882	1350450	nan	0	0
1884	1350452	nan	0	0
1886	1350454	nan	0	0
1888	1350456	nan	0	0
1890	1350458	nan	0	0
1892	1350460	nan	0	0
1894	1350462	nan	0	0
1896	1350464	nan	0	0
1898	1350466	nan	0	0
1900	1350468	nan	0	0
1902	1350470	nan	0	0
1904	1350472	nan	0	0
1906	1350474	nan	0	0
1908	1350476	nan	0	0
1910	1350478	nan	0	0
1912	1350480	nan	0	0
1914	1350482	nan	0	0
1916	1350484	nan	0	0
1918	1350486	nan	0	0
1920	1350488	nan	0	0
1922	1350490	nan	0	0
1924	1350492	nan	0	0
1926	1350494	nan	0	0
1928	1350496	nan	0	0
1930	1350498	nan	0	0
1932	1350500	nan	0	0
1934	1350502	nan	0	0
1936	1350504	nan	0	0
1938	1350506	nan	0	0
1940	1350508	nan	0	0
1942	1350510	nan	0	0
1944	1350512	nan	0	0
1946	1350514	nan	0	0
1948	1350516	nan	0	0
1950	1350518	nan	0	0
1952	1350520	nan	0	0
1954	1350522	nan	0	0
1956	1350524	nan	0	0
1958	1350526	nan	0	0
1960	1350528	nan	0	0
1962	1350530	nan	0	0
1964	1350532	nan	0	0
1966	1350534	nan	0	0
1968	1350536	nan	0	0
1970	1350538	nan	0	0
1972	1350540	nan	0	0
1974	1350542	nan	0	0
1976	1350544	nan	0	0
1978	1350546	nan	0	0
1980	1350548	nan	0	0
1982	1350550	nan	0	0
1984	1350552	nan	0	0
1986	1350554	nan	0	0
1988	1350556	nan	0	0
1990	1350558	nan	0	0
1992	1350560	nan	0	0
1994	1350562	nan	0	0
1996	1350564	nan	0	0
1998	1350566	nan	0	0
2000	1350568	nan	0	0
2002	1350570	nan	0	0
2004	1350572	nan	0	0
2006	1350574	nan	0	0
2008	1350576	nan	0	0
2010	1350578	nan	0	0
2012	1350580	nan	0	0
2014	1350582	nan	0	0
2016	1350584	nan	0	0
2018	1350586	nan	0	0
2020	1350588	nan	0	0
2022	1350590	nan	0	0
2024	1350592	nan	0	0
2026	1350594	nan	0	0
2028	1350596	nan	0	0
2030	1350598	nan	0	0
2032	1350600	nan	0	0
2034	1350602	nan	0	0
2036	1350604	nan	0	0
2038	1350606	nan	0	0
2040	1350608	nan	0	0
2042	1350610	nan	0	0
2044	1350612	nan	0	0
2046	1350614	nan	0	0
2048	1350616	nan	0	0
2050	1350618	nan	0	0
2052	1350620	nan	0	0
2054	1350622	nan	0	0
2056	1350624	nan	0	0
2058	1350626	nan	0	0
2060	1350628	nan	0	0
2062	1350630	nan	0	0
2064	1350632	nan	0	0
2066	1350634	nan	0	0
2068	1350636	nan	0	0
2070	1350638	nan	0	0
2072	1350640	nan	0	0
2074	1350642	nan	0	0
2076	1350644	nan	0	0
2078	1350646	nan	0	0
2080	1350648	nan	0	0
2082	1350650	nan	0	0
2084	1350652	nan	0	0
2086	1350654	nan	0	0
2088	1350656	nan	0	0
2090	1350658	nan	0	0
2092	1350660	nan	0	0
2094	1350662	nan	0	0
2096	1350664	nan	0	0
2098	1350666	nan	0	0
2100	1350668	nan	0	0
2102	1350670	nan	0	0
2104	1350672	nan	0	0
2106	1350674	nan	0	0
2108	1350676	nan	0	0
2110	1350678	nan	0	0
2112	1350680	nan	0	0
2114	1350682	nan	0	0
2116	1350684	nan	0	0
2118	1350686	nan	0	0
2120	1350688	nan	0	0
2122	1350690	nan	0	0
2124	1350692	nan	0	0
2126	1350694	nan	0	0
2128	1350696	nan	0	0
2130	1350698	nan	0	0
2132	1350700	nan	0	0
2134	1350702	nan	0	0
2136	1350704	nan	0	0
2138	1350706	nan	0	0
2140	1350708	nan	0	0
2142	1350710	nan	0	0
2144	1350712	nan	0	0
2146	1350714	nan	0	0
2148	1350716	nan	0	0
2150	1350718	nan	0	0
2152	1350720	nan	0	0
2154	1350722	nan	0	0
2156	1350724	nan	0	0
2158	1350726	nan	0	0
2160	1350728	nan	0	0
2162	1350730	nan	0	0
2164	1350732	nan	0	0
2166	1350734	nan	0	0
2168	1350736	nan	0	0
2170	1350738	nan	0	0
2172	1350740	nan	0	0
2174	1350742	nan	0	0
2176	1350744	nan	0	0
2178	1350746	nan	0	0
2180	1350748	nan	0	0
2182	1350750	nan	0	0
2184	1350752	nan	0	0
2186	1350754	nan	0	0
2188	1350756	nan	0	0
2190	1350758	nan	0	0
2192	1350760	nan	0	0
2194	1350762	nan	0	0
2196	1350764	nan	0	0
2198	1350766	nan	0	0
2200	1350768	nan	0	0
2202	1350770	nan	0	0
2204	1350772	nan	0	0
2206	1350774	nan	0	0
2208	1350776	nan	0	0
2210	1350778	nan	0	0
2212	1350780	nan	0	0
2214	1350782	nan	0	0
2216	1350784	nan	0	0
2218	1350786	nan	0	0
2220	1350788	nan	0	0
2222	1350790	nan	0	0
2224	1350792	nan	0	0
2226	1350794	nan	0	0
2228	1350796	nan	0	0
2230	1350798	nan	0	0
2232	1350800	nan	0	0
2234	1350802	nan	0	0
2236	1350804	nan	0	0
2238	1350806	nan	0	0
2240	1350808	nan	0	0
2242	1350810	nan	0	0
2244	1350812	nan	0	0
2246	1350814	nan	0	0
2248	1350816	nan	0	0
2250	1350818	nan	0	0
2252	1350820	nan	0	0
2254	1350822	nan	0	0
2256	1350824	nan	0	0
2258	1350826	nan	0	0
2260	1350828	nan	0	0
2262	1350830	nan	0	0
2264	1350832	nan	0	0
2266	1350834	nan	0	0
2268	1350836	nan	0	0
2270	1350838	nan	0	0
2272	1350840	nan	0	0
2274	1350842	nan	0	0
2276	1350844	nan	0	0
2278	1350846	nan	0	0
2280	1350848	nan	0	0
2282	1350850	nan	0	0
2284	1350852	nan	0	0
2286	1350854	nan	0	0
2288	1350856	nan	0	0
2290	1350858	nan	0	0
2292	1350860	nan	0	0
2294	1350862	nan	0	0
2296	1350864	nan	0	0
2298	1350866	nan	0	0
2300	1350868	nan	0	0
2302	1350870	nan	0	0
2304	1350872	nan	0	0
2306	1350874	nan	0	0
2308	1350876	nan	0	0
2310	1350878	nan	0	0
2312	1350880	nan	0	0
2314	1350882	nan	0	0
2316	1350884	nan	0	0
2318	1350886	nan	0	0
2320	1350888	nan	0	0
2322	1350890	nan	0	0
2324	1350892	nan	0	0
2326	1350894	nan	0	0
2328	1350896	nan	0	0
2330	1350898	nan	0	0
2332	1350900	nan	0	0
2334	1350902	nan	0	0
2336	1350904	nan	0	0
2338	1350906	nan	0	0
2340	1350908	nan	0	0
2342	1350910	nan	0	0
2344	1350912	nan	0	0
2346	1350914	nan	0	0
2348	1350916	nan	0	0
2350	1350918	nan	0	0
2352	1350920	nan	0	0
2354	1350922	nan	0	0
2356	1350924	nan	0	0
2358	1350926	nan	0	0
2360	1350928	nan	0	0
2362	1350930	nan	0	0
2364	1350932	nan	0	0
2366	1350934	nan	0	0
2368	1350936	nan	0	0
2370	1350938	nan	0	0
2372	1350940	nan	0	0
2374	1350942	nan	0	0
2376	1350944	nan	0	0
2378	1350946	nan	0	0
2380	1350948	nan	0	0
2382	1350950	nan	0	0
2384	1350952	nan	0	0
2386	1350954	nan	0	0
2388	1350956	nan	0	0
2390	1350958	nan	0	0
2392	1350960	nan	0	0
2394	1350962	nan	0	0
2396	1350964	nan	0	0
2398	1350966	nan	0	0
2400	1350968	nan	0	0
2402	1350970	nan	0	0
2404	1350972	nan	0	0
2406	1350974	nan	0	0
2408	1350976	nan	0	0
2410	1350978	nan	0	0
2412	1350980	nan	0	0
2414	1350982	nan	0	0
2416	1350984	nan	0	0
2418	1350986	nan	0	0
2420	1350988	nan	0	0
2422	1350990	nan	0	0
2424	1350992	nan	0	0
2426	1350994	nan	0	0
2428	1350996	nan	0	0
2430	1350998	nan	0	0
2432	1351000	nan	0	0
2434	1351002	nan	0	0
2436	1351004	nan	0	0
2438	1351006	nan	0	0
2440	1351008	nan	0	0
2442	1351010	nan	0	0
2444	1351012	nan	0	0
2446	1351014	nan	0	0
2448	1351016	nan	0	0
2450	1351018	nan	0	0
2452	1351020	nan	0	0
2454	1351022	nan	0	0
2456	1351024	nan	0	0
2458	1351026	nan	0	0
2460	1351028	nan	0	0
2462	1351030	nan	0	0
2464	1351032	nan	0	0
2466	1351034	nan	0	0
2468	1351036	nan	0	0
2470	1351038	nan	0	0
2472	1351040	nan	0	0
2474	1351042	nan	0	0
2476	1351044	nan	0	0
2478	1351046	nan	0	0
2480	1351048	nan	0	0
2482	1351050	nan	0	0
2484	1351052	nan	0	0
2486	1351054	nan	0	0
2488	1351056	nan	0	0
2490	1351058	nan	0	0
2492	1351060	nan	0	0
2494	1351062	nan	0	0
2496	1351064	nan	0	0
2498	1351066	nan	0	0
2500	1351068	nan	0	0
2502	1351070	nan	0	0
2504	1351072	nan	0	0
2506	1351074	nan	0	0
2508	1351076	nan	0	0
2510	1351078	nan	0	0
2512	1351080	nan	0	0
2514	1351082	nan	0	0
2516	1351084	nan	0	0
2518	1351086	nan	0	0
2520	1351088	nan	0	0
2522	1351090	nan	0	0
2524	1351092	nan	0	0
2526	1351094	nan	0	0
2528	1351096	nan	0	0
2530	1351098	nan	0	0
2532	1351100	nan	0	0
2534	1351102	nan	0	0
2536	1351104	nan	0	0
2538	1351106	nan	0	0
2540	1351108	nan	0	0
2542	1351110	nan	0	0
2544	1351112	nan	0	0
2546	1351114	nan	0	0
2548	1351116	nan	0	0
2550	1351118	nan	0	0
2552	1351120	nan	0	0
2554	1351122	nan	0	0
2556	1351124	nan	0	0
2558	1351126	nan	0	0
2560	1351128	nan	0	0
2562	1351130	nan	0	0
2564	1351132	nan	0	0
2566	1351134	nan	0	0
2568	1351136	nan	0	0
2570	1351138	nan	0	0
2572	1351140	nan	0	0
2574	1351142	nan	0	0
2576	1351144	nan	0	0
2578	1351146	nan	0	0
2580	1351148	nan	0	0
2582	1351150	nan	0	0
2584	1351152	nan	0	0
2586	1351154	nan	0	0
2588	1351156	nan	0	0
2590	1351158	nan	0	0
2592	1351160	nan	0	0
2594	1351162	nan	0	0
2596	1351164	nan	0	0
2598	1351166	nan	0	0
2600	1351168	nan	0	0
2602	1351170	nan	0	0
2604	1351172	nan	0	0
2606	1351174	nan	0	0
2608	1351176	nan	0	0
2610	1351178	nan	0	0
2612	1351180	nan	0	0
2614	1351182	nan	0	0
2616	1351184	nan	0	0
2618	1351186	nan	0	0
2620	1351188	nan	0	0
2622	1351190	nan	0	0
2624	1351192	nan	0	0
2626	1351194	nan	0	0
2628	1351196	nan	0	0
2630	1351198	nan	0	0
2632	1351200	nan	0	0
2634	1351202	nan	0	0
2636	1351204	nan	0	0
2638	1351206	nan	0	0
2640	1351208	nan	0	0
2642	1351210	nan	0	0
2644	1351212	nan	0	0
2646	1351214	nan	0	0
2648	1351216	nan	0	0
2650	1351218	nan	0	0
2652	1351220	nan	0	0
2654	1351222	nan	0	0
2656	1351224	nan	0	0
2658	1351226	nan	0	0
2660	1351228	nan	0	0
2662	1351230	nan	0	0
2664	1351232	nan	0	0
2666	1351234	nan	0	0
2668	1351236	nan	0	0
2670	1351238	nan	0	0
2672	1351240	nan	0	0
2674	1351242	nan	0	0
2676	1351244	nan	0	0
2678	1351246	nan	0	0
2680	1351248	nan	0	0
2682	1351250	nan	0	0
2684	1351252	nan	0	0
2686	1351254	nan	0	0
2688	1351256	nan	0	0
2690	1351258	nan	0	0
2692	1351260	nan	0	0
2694	1351262	nan	0	0
2696	1351264	nan	0	0
2698	1351266	nan	0	0
2700	1351268	nan	0	0
2702	1351270	nan	0	0
2704	1351272	nan	0	0
2706	1351274	nan	0	0
2708	1351276	nan	0	0
2710	1351278	nan	0	0
2712	1351280	nan	0	0
2714	1351282	nan	0	0
2716	1351284	nan	0	0
2718	1351286	nan	0	0
2720	1351288	nan	0	0
2722	1351290	nan	0	0
2724	1351292	nan	0	0
2726	1351294	nan	0	0
2728	1351296	nan	0	0
2730	1351298	nan	0	0
2732	1351300	nan	0	0
2734	1351302	nan	0	0
2736	1351304	nan	0	0
2738	1351306	nan	0	0
2740	1351308	nan	0	0
2742	1351310	nan	0	0
2744	1351312	nan	0	0
2746	1351314	nan	0	0
2748	1351316	nan	0	0
2750	1351318	nan	0	0
2752	1351320	nan	0	0
2754	1351322	nan	0	0
2756	1351324	nan	0	0
2758	1351326	nan	0	0
2760	1351328	nan	0	0
2762	1351330	nan	0	0
2764	1351332	nan	0	0
2766	1351334	nan	0	0
2768	1351336	nan	0	0
2770	1351338	nan	0	0
2772	1351340	nan	0	0
2774	1351342	nan	0	0
2776	1351344	nan	0	0
2778	1351346	nan	0	0
2780	1351348	nan	0	0
2782	1351350	nan	0	0
2784	1351352	nan	0	0
2786	1351354	nan	0	0
2788	1351356	nan	0	0
2790	1351358	nan	0	0
2792	1351360	nan	0	0
2794	1351362	nan	0	0
2796	1351364	nan	0	0
2798	1351366	nan	0	0
2800	1351368	nan	0	0
2802	1351370	nan	0	0
2804	1351372	nan	0	0
2806	1351374	nan	0	0
2808	1351376	nan	0	0
2810	1351378	nan	0	0
2812	1351380	nan	0	0
2814	1351382	nan	0	0
2816	1351384	nan	0	0
2818	1351386	nan	0	0
2820	1351388	nan	0	0
2822	1351390	nan	0	0
2824	1351392	nan	0	0
2826	1351394	nan	0	0
2828	1351396	nan	0	0
2830	1351398	nan	0	0
2832	1351400	nan	0	0
2834	1351402	nan	0	0
2836	1351404	nan	0	0
2838	1351406	nan	0	0
2840	1351408	nan	0	0
2842	1351410	nan	0	0
2844	1351412	nan	0	0
2846	1351414	nan	0	0
2848	1351416	nan	0	0
2850	1351418	nan	0	0
2852	1351420	nan	0	0
2854	1351422	nan	0	0
2856	1351424	nan	0	0
2858	1351426	nan	0	0
2860	1351428	nan	0	0
2862	1351430	nan	0	0
2864	1351432	nan	0	0
2866	1351434	nan	0	0
2868	1351436	nan	0	0
2870	1351438	nan	0	0
2872	1351440	nan	0	0
2874	1351442	nan	0	0
2876	1351444	nan	0	0
2878	1351446	nan	0	0
2880	1351448	nan	0	0
2882	1351450	nan	0	0
2884	1351452	nan	0	0
2886	1351454	nan	0	0
2888	1351456	nan	0	0
2890	1351458	nan	0	0
2892	1351460	nan	0	0
2894	1351462	nan	0	0
2896	1351464	nan	0	0
2898	1351466	nan	0	0
2900	1351468	nan	0	0
2902	1351470	nan	0	0
2904	1351472	nan	0	0
2906	1351474	nan	0	0
2908	1351476	nan	0	0
2910	1351478	nan	0	0
2912	1351480	nan	0	0
2914	1351482	nan	0	0
2916	1351484	nan	0	0
2918	1351486	nan	0	0
2920	1351488	nan	0	0
2922	1351490	nan	0	0
2924	1351492	nan	0	0
2926	1351494	nan	0	0
2928	1351496	nan	0	0
2930	1351498	nan	0	0
2932	1351500	nan	0	0
2934	1351502	nan	0	0
2936	1351504	nan	0	0
2938	1351506	nan	0	0
2940	1351508	nan	0	0
2942	1351510	nan	0	0
2944	1351512	nan	0	0
2946	1351514	nan	0	0
2948	1351516	nan	0	0
2950	1351518	nan	0	0
2952	1351520	nan	0	0
2954	1351522	nan	0	0
2956	1351524	nan	0	0
2958	1351526	nan	0	0
2960	1351528	nan	0	0
2962	1351530	nan	0	0
2964	1351532	nan	0	0
2966	1351534	nan	0	0
2968	1351536	nan	0	0
2970	1351538	nan	0	0
2972	1351540	nan	0	0
2974	1351542	nan	0	0
2976	1351544	nan	0	0
2978	1351546	nan	0	0
2980	1351548	nan	0	0
2982	1351550	nan	0	0
2984	1351552	nan	0	0
2986	1351554	nan	0	0
2988	1351556	nan	0	0
2990	1351558	nan	0	0
2992	1351560	nan	0	0
2994	1351562	nan	0	0
2996	1351564	nan	0	0
2998	1351566	nan	0	0
3000	1351568	nan	0	0
3002	1351570	nan	0	0
3004	1351572	nan	0	0
3006	1351574	nan	0	0
3008	1351576	nan	0	0
3010	1351578	nan	0	0
3012	1351580	nan	0	0
3014	1351582	nan	0	0
3016	1351584	nan	0	0
3018	1351586	nan	0	0
3020	1351588	nan	0	0
3022	1351590	nan	0	0
3024	1351592	nan	0	0
3026	1351594	nan	0	0
3028	1351596	nan	0	0
3030	1351598	nan	0	0
3032	1351600	nan	0	0
3034	1351602	nan	0	0
3036	1351604	nan	0	0
3038	1351606	nan	0	0
3040	1351608	nan	0	0
3042	1351610	nan	0	0
3044	1351612	nan	0	0
3046	1351614	nan	0	0
3048	1351616	nan	0	0
3050	1351618	nan	0	0
3052	1351620	nan	0	0
3054	1351622	nan	0	0
3056	1351624	nan	0	0
3058	1351626	nan	0	0
3060	1351628	nan	0	0
3062	1351630	nan	0	0
3064	1351632	nan	0	0
3066	1351634	nan	0	0
3068	1351636	nan	0	0
3070	1351638	nan	0	0
3072	1351640	nan	0	0
3074	1351642	nan	0	0
3076	1351644	nan	0	0
3078	1351646	nan	0	0
3080	1351648	nan	0	0
3082	1351650	nan	0	0
3084	1351652	nan	0	0
3086	1351654	nan	0	0
3088	1351656	nan	0	0
3090	1351658	nan	0	0
3092	1351660	nan	0	0
3094	1351662	nan	0	0
3096	1351664	nan	0	0
3098	1351666	nan	0	0
3100	1351668	nan	0	0
3102	1351670	nan	0	0
3104	1351672	nan	0	0
3106	1351674	nan	0	0
3108	1351676	nan	0	0
3110	1351678	nan	0	0
3112	1351680	nan	0	0
3114	1351682	nan	0	0
3116	1351684	nan	0	0
3118	1351686	nan	0	0
3120	1351688	nan	0	0
3122	1351690	nan	0	0
3124	1351692	nan	0	0
3126	1351694	nan	0	0
3128	1351696	nan	0	0
3130	1351698	nan	0	0
3132	1351700	nan	0	0
3134	1351702	nan	0	0
3136	1351704	nan	0	0
3138	1351706	nan	0	0
3140	1351708	nan	0	0
3142	1351710	nan	0	0
3144	1351712	nan	0	0
3146	1351714	nan	0	0
3148	1351716	nan	0	0
3150	1351718	nan	0	0
3152	1351720	nan	0	0
3154	1351722	nan	0	0
3156	1351724	nan	0	0
3158	1351726	nan	0	0
3160	1351728	nan	0	0
3162	1351730	nan	0	0
3164	1351732	nan	0	0
3166	1351734	nan	0	0
3168	1351736	nan	0	0
3170	1351738	nan	0	0
3172	1351740	nan	0	0
3174	1351742	nan	0	0
3176	1351744	nan	0	0
3178	1351746	nan	0	0
3180	1351748	nan	0	0
3182	1351750	nan	0	0
3184	1351752	nan	0	0
3186	1351754	nan	0	0
3188	1351756	nan	0	0
3190	1351758	nan	0	0
3192	1351760	nan	0	0
3194	1351762	nan	0	0
3196	1351764	nan	0	0
3198	1351766	nan	0	0
3200	1351768	nan	0	0
3202	1351770	nan	0	0
3204	1351772	nan	0	0
3206	1351774	nan	0	0
3208	1351776	nan	0	0
3210	1351778	nan	0	0
3212	1351780	nan	0	0
3214	1351782	nan	0	0
3216	1351784	nan	0	0
3218	1351786	nan	0	0
3220	1351788	nan	0	0
3222	1351790	nan	0	0
3224	1351792	nan	0	0
3226	1351794	nan	0	0
3228	1351796	nan	0	0
3230	1351798	nan	0	0
3232	1351800	nan	0	0
3234	1351802	nan	0	0
3236	1351804	nan	0	0
3238	1351806	nan	0	0
3240	1351808	nan	0	0
3242	1351810	nan	0	0
3244	1351812	nan	0	0
3246	1351814	nan	0	0
3248	1351816	nan	0	0
3250	1351818	nan	0	0
3252	1351820	nan	0	0
3254	1351822	nan	0	0
3256	1351824	nan	0	0
3258	1351826	nan	0	0
3260	1351828	nan	0	0
3262	1351830	nan	0	0
3264	1351832	nan	0	0
3266	1351834	nan	0	0
3268	1351836	nan	0	0
3270	1351838	nan	0	0
3272	1351840	nan	0	0
3274	1351842	nan	0	0
3276	1351844	nan	0	0
3278	1351846	nan	0	0
3280	1351848	nan	0	0
3282	1351850	nan	0	0
3284	1351852	nan	0	0
3286	1351854	nan	0	0
3288	1351856	nan	0	0
3290	1351858	nan	0	0
3292	1351860	nan	0	0
3294	1351862	nan	0	0
3296	1351864	nan	0	0
3298	1351866	nan	0	0
3300	1351868	nan	0	0
3302	1351870	nan	0	0
3304	1351872	nan	0	0
3306	1351874	nan	0	0
3308	1351876	nan	0	0
3310	1351878	nan	0	0
3312	1351880	nan	0	0
3314	1351882	nan	0	0
3316	1351884	nan	0	0
3318	1351886	nan	0	0
3320	1351888	nan	0	0
3322	1351890	nan	0	0
3324	1351892	nan	0	0
3326	1351894	nan	0	0
3328	1351896	nan	0	0
3330	1351898	nan	0	0
3332	1351900	nan	0	0
3334	1351902	nan	0	0
3336	1351904	nan	0	0
3338	1351906	nan	0	0
3340	1351908	nan	0	0
3342	1351910	nan	0	0
3344	1351912	nan	0	0
3346	1351914	nan	0	0
3348	1351916	nan	0	0
3350	1351918	nan	0	0
3352	1351920	nan	0	0
3354	1351922	nan	0	0
3356	1351924	nan	0	0
3358	1351926	nan	0	0
3360	1351928	nan	0	0
3362	1351930	nan	0	0
3364	1351932	nan	0	0
3366	1351934	nan	0	0
3368	1351936	nan	0	0
3370	1351938	nan	0	0
3372	1351940	nan	0	0
3374	1351942	nan	0	0
3376	1351944	nan	0	0
3378	1351946	nan	0	0
3380	1351948	nan	0	0
3382	1351950	nan	0	0
3384	1351952	nan	0	0
3386	1351954	nan	0	0
3388	1351956	nan	0	0
3390	1351958	nan	0	0
3392	1351960	nan	0	0
3394	1351962	nan	0	0
3396	1351964	nan	0	0
3398	1351966	nan	0	0
3400	1351968	nan	0	0
3402	1351970	nan	0	0
3404	1351972	nan	0	0
3406	1351974	nan	0	0
3408	1351976	nan	0	0
3410	1351978	nan	0	0
3412	1351980	nan	0	0
3414	1351982	nan	0	0
3416	1351984	nan	0	0
3418	1351986	nan	0	0
3420	1351988	nan	0	0
3422	1351990	nan	0	0
3424	1351992	nan	0	0
3426	1351994	nan	0	0
3428	1351996	nan	0	0
3430	1351998	nan	0	0
3432	1352000	nan	0	0
3434	1352002	nan	0	0
3436	1352004	nan	0	0
3438	1352006	nan	0	0
3440	1352008	nan	0	0
3442	1352010	nan	0	0
3444	1352012	nan	0	0
3446	1352014	nan	0	0
3448	1352016	nan	0	0
3450	1352018	nan	0	0
3452	1352020	nan	0	0
3454	1352022	nan	0	0
3456	1352024	nan	0	0
3458	1352026	nan	0	0
3460	1352028	nan	0	0
3462	1352030	nan	0	0
3464	1352032	nan	0	0
3466	1352034	nan	0	0
3468	1352036	nan	0	0
3470	1352038	nan	0	0
3472	1352040	nan	0	0
3474	1352042	nan	0	0
3476	1352044	nan	0	0
3478	1352046	nan	0	0
3480	1352048	nan	0	0
3482	1352050	nan	0	0
3484	1352052	nan	0	0
3486	1352054	nan	0	0
3488	1352056	nan	0	0
3490	1352058	nan	0	0
3492	1352060	nan	0	0
3494	1352062	nan	0	0
3496	1352064	nan	0	0
3498	1352066	nan	0	0
3500	1352068	nan	0	0
3502	1352070	nan	0	0
3504	1352072	nan	0	0
3506	1352074	nan	0	0
3508	1352076	nan	0	0
3510	1352078	nan	0	0
3512	1352080	nan	0	0
3514	1352082	nan	0	0
3516	1352084	nan	0	0
3518	1352086	nan	0	0
3520	1352088	nan	0	0
3522	1352090	nan	0	0
3524	1352092	nan	0	0
3526	1352094	nan	0	0
3528	1352096	nan	0	0
3530	1352098	nan	0	0
3532	1352100	nan	0	0
3534	1352102	nan	0	0
3536	1352104	nan	0	0
3538	1352106	nan	0	0
3540	1352108	nan	0	0
3542	1352110	nan	0	0
3544	1352112	nan	0	0
3546	1352114	nan	0	0
3548	1352116	nan	0	0
3550	1352118	nan	0	0
3552	1352120	nan	0	0
3554	1352122	nan	0	0
3556	1352124	nan	0	0
3558	1352126	nan	0	0
3560	1352128	nan	0	0
3562	1352130	nan	0	0
3564	1352132	nan	0	0
3566	1352134	nan	0	0
3568	1352136	nan	0	0
3570	1352138	nan	0	0
3572	1352140	nan	0	0
3574	1352142	nan	0	0
3576	1352144	nan	0	0
3578	1352146	nan	0	0
3580	1352148	nan	0	0
3582	1352150	nan	0	0
3584	1352152	nan	0	0
3586	1352154	nan	0	0
3588	1352156	nan	0	0
3590	1352158	nan	0	0
3592	1352160	nan	0	0
3594	1352162	nan	0	0
3596	1352164	nan	0	0
3598	1352166	nan	0	0
3600	1352168	nan	0	0
3602	1352170	nan	0	0
3604	1352172	nan	0	0
3606	1352174	nan	0	0
3608	1352176	nan	0	0
3610	1352178	nan	0	0
3612	1352180	nan	0	0
3614	1352182	nan	0	0
3616	1352184	nan	0	0
3618	1352186	nan	0	0
3620	1352188	nan	0	0
3622	1352190	nan	0	0
3624	1352192	nan	0	0
3626	1352194	nan	0	0
3628	1352196	nan	0	0
3630	1352198	nan	0	0
3632	1352200	nan	0	0
3634	1352202	nan	0	0
3636	1352204	nan	0	0
3638	1352206	nan	0	0
3640	1352208	nan	0	0
3642	1352210	nan	0	0
3644	1352212	nan	0	0
3646	1352214	nan	0	0
3648	1352216	nan	0	0
3650	1352218	nan	0	0
3652	1352220	nan	0	0
3654	1352222	nan	0	0
3656	1352224	nan	0	0
3658	1352226	nan	0	0
3660	1352228	nan	0	0
3662	1352230	nan	0	0
3664	1352232	nan	0	0
3666	1352234	nan	0	0
3668	1352236	nan	0	0
3670	1352238	nan	0	0
3672	1352240	nan	0	0
3674	1352242	nan	0	0
3676	1352244	nan	0	0
3678	1352246	nan	0	0
3680	1352248	nan	0	0
3682	1352250	nan	0	0
3684	1352252	nan	0	0
3686	1352254	nan	0	0
3688	1352256	nan	0	0
3690	1352258	nan	0	0
3692	1352260	nan	0	0
3694	1352262	nan	0	0
3696	1352264	nan	0	0
3698	1352266	nan	0	0
3700	1352268	nan	0	0
3702	1352270	nan	0	0
3704	1352272	nan	0	0
3706	1352274	nan	0	0
3708	1352276	nan	0	0
3710	1352278	nan	0	0
3712	1352280	nan	0	0
3714	1352282	nan	0	0
3716	1352284	nan	0	0
3718	1352286	nan	0	0
3720	1352288	nan	0	0
3722	1352290	nan	0	0
3724	1352292	nan	0	0
3726	1352294	nan	0	0
3728	1352296	nan	0	0
3730	1352298	nan	0	0
3732	1352300	nan	0	0
3734	1352302	nan	0	0
3736	1352304	nan	0	0
3738	1352306	nan	0	0
3740	1352308	nan	0	0
3742	1352310	nan	0	0
3744	1352312	nan	0	0
3746	1352314	nan	0	0
3748	1352316	nan	0	0
3750	1352318	nan	0	0
3752	1352320	nan	0	0
3754	1352322	nan	0	0
3756	1352324	nan	0	0
3758	1352326	nan	0	0
3760	1352328	nan	0	0
3762	1352330	nan	0	0
3764	1352332	nan	0	0
3766	1352334	nan	0	0
3768	1352336	nan	0	0
3770	1352338	nan	0	0
3772	1352340	nan	0	0
3774	1352342	nan	0	0
3776	1352344	nan	0	0
3778	1352346	nan	0	0
3780	1352348	nan	0	0
3782	1352350	nan	0	0
3784	1352352	nan	0	0
3786	1352354	nan	0	0
3788	1352356	nan	0	0
3790	1352358	nan	0	0
3792	1352360	nan	0	0
3794	1352362	nan	0	0
3796	1352364	nan	0	0
3798	1352366	nan	0	0
3800	1352368	nan	0	0
3802	1352370	nan	0	0
3804	1352372	nan	0	0
3806	1352374	nan	0	0
3808	1352376	nan	0	0
3810	1352378	nan	0	0
3812	1352380	nan	0	0
3814	1352382	nan	0	0
3816	1352384	nan	0	0
3818	1352386	nan	0	0
3820	1352388	nan	0	0
3822	1352390	nan	0	0
3824	1352392	nan	0	0
3826	1352394	nan	0	0
3828	1352396	nan	0	0
3830	1352398	nan	0	0
3832	1352400	nan	0	0
3834	1352402	nan	0	0
3836	1352404	nan	0	0
3838	1352406	nan	0	0
3840	1352408	nan	0	0
3842	1352410	nan	0	0
3844	1352412	nan	0	0
3846	1352414	nan	0	0
3848	1352416	nan	0	0
3850	1352418	nan	0	0
3852	1352420	nan	0	0
3854	1352422	nan	0	0
3856	1352424	nan	0	0
3858	1352426	nan	0	0
3860	1352428	nan	0	0
3862	1352430	nan	0	0
3864	1352432	nan	0	0
3866	1352434	nan	0	0
3868	1352436	nan	0	0
3870	1352438	nan	0	0
3872	1352440	nan	0	0
3874	1352442	nan	0	0
3876	1352444	nan	0	0
3878	1352446	nan	0	0
3880	1352448	nan	0	0
3882	1352450	nan	0	0
3884	1352452	nan	0	0
3886	1352454	nan	0	0
3888	1352456	nan	0	0
3890	1352458	nan	0	0
3892	1352460	nan	0	0
3894	1352462	nan	0	0
3896	1352464	nan	0	0
3898	1352466	nan	0	0
3900	1352468	nan	0	0
3902	1352470	nan	0	0
3904	1352472	nan	0	0
3906	1352474	nan	0	0
3908	1352476	nan	0	0
3910	1352478	nan	0	0
3912	1352480	nan	0	0
3914	1352482	nan	0	0
3916	1352484	nan	0	0
3918	1352486	nan	0	0
3920	1352488	nan	0	0
3922	1352490	nan	0	0
3924	1352492	nan	0	0
3926	1352494	nan	0	0
3928	1352496	nan	0	0
3930	1352498	nan	0	0
3932	1352500	nan	0	0
3934	1352502	nan	0	0
3936	1352504	nan	0	0
3938	1352506	nan	0	0
3940	1352508	nan	0	0
3942	1352510	nan	0	0
3944	1352512	nan	0	0
3946	1352514	nan	0	0
3948	1352516	nan	0	0
3950	1352518	nan	0	0
3952	1352520	nan	0	0
3954	1352522	nan	0	0
3956	1352524	nan	0	0
3958	1352526	nan	0	0
3960	1352528	nan	0	0
3962	1352530	nan	0	0
3964	1352532	nan	0	0
3966	1352534	nan	0	0
3968	1352536	nan	0	0
3970	1352538	nan	0	0
3972	1352540	nan	0	0
3974	1352542	nan	0	0
3976	1352544	nan	0	0
3978	1352546	nan	0	0
3980	1352548	nan	0	0
3982	1352550	nan	0	0
3984	1352552	nan	0	0
3986	1352554	nan	0	0
3988	1352556	nan	0	0
3990	1352558	nan	0	0
3992	1352560	nan	0	0
3994	1352562	nan	0	0
3996	1352564	nan	0	0
3998	1352566	nan	0	0
4000	1352568	nan	0	0
4002	1352570	nan	0	0
4004	1352572	nan	0	0
4006	1352574	nan	0	0
4008	1352576	nan	0	0
4010	1352578	nan	0	0
4012	1352580	nan	0	0
4014	1352582	nan	0	0
4016	1352584	nan	0	0
4018	1352586	nan	0	0
4020	1352588	nan	0	0
4022	1352590	nan	0	0
4024	1352592	nan	0	0
4026	1352594	nan	0	0
4028	1352596	nan	0	0
4030	1352598	nan	0	0
4032	1352600	nan	0	0
4034	1352602	nan	0	0
4036	1352604	nan	0	0
4038	1352606	nan	0	0
4040	1352608	nan	0	0
4042	1352610	nan	0	0
4044	1352612	nan	0	0
4046	1352614	nan	0	0
4048	1352616	nan	0	0
4050	1352618	nan	0	0
4052	1352620	nan	0	0
4054	1352622	nan	0	0
4056	1352624	nan	0	0
4058	1352626	nan	0	0
4060	1352628	nan	0	0
4062	1352630	nan	0	0
4064	1352632	nan	0	0
4066	1352634	nan	0	0
4068	1352636	nan	0	0
4070	1352638	nan	0	0
4072	1352640	nan	0	0
4074	1352642	nan	0	0
4076	1352644	nan	0	0
4078	1352646	nan	0	0
4080	1352648	nan	0	0
4082	1352650	nan	0	0
4084	1352652	nan	0	0
4086	1352654	nan	0	0
4088	1352656	nan	0	0
4090	1352658	nan	0	0
4092	1352660	nan	0	0
4094	1352662	nan	0	0
4096	1352664	nan	0	0
4098	1352666	nan	0	0
4100	1352668	nan	0	0
4102	1352670	nan	0	0
4104	1352672	nan	0	0
4106	1352674	nan	0	0
4108	1352676	nan	0	0
4110	1352678	nan	0	0
4112	1352680	nan	0	0
4114	1352682	nan	0	0
4116	1352684	nan	0	0
4118	1352686	nan	0	0
4120	1352688	nan	0	0
4122	1352690	nan	0	0
4124	1352692	nan	0	0
4126	1352694	nan	0	0
4128	1352696	nan	0	0
4130	1352698	nan	0	0
4132	1352700	nan	0	0
4134	1352702	nan	0	0
4136	1352704	nan	0	0
4138	1352706	nan	0	0
4140	1352708	nan	0	0
4142	1352710	nan	0	0
4144	1352712	nan	0	0
4146	1352714	nan	0	0
4148	1352716	nan	0	0
4150	1352718	nan	0	0
4152	1352720	nan	0	0
4154	1352722	nan	0	0
4156	1352724	nan	0	0
4158	1352726	nan	0	0
4160	1352728	nan	0	0
4162	1352730	nan	0	0
4164	1352732	nan	0	0
4166	1352734	nan	0	0
4168	1352736	nan	0	0
4170	1352738	nan	0	0
4172	1352740	nan	0	0
4174	1352742	nan	0	0
4176	1352744	nan	0	0
4178	1352746	nan	0	0
4180	1352748	nan	0	0
4182	1352750	nan	0	0
4184	1352752	nan	0	0
4186	1352754	nan	0	0
4188	1352756	nan	0	0
4190	1352758	nan	0	0
4192	1352760	nan	0	0
4194	1352762	nan	0	0
4196	1352764	nan	0	0
4198	1352766	nan	0	0
4200	1352768	nan	0	0
4202	1352770	nan	0	0
4204	1352772	nan	0	0
4206	1352774	nan	0	0
4208	1352776	nan	0	0
4210	1352778	nan	0	0
4212	1352780	nan	0	0
4214	1352782	nan	0	0
4216	1352784	nan	0	0
4218	1352786	nan	0	0
4220	1352788	nan	0	0
4222	1352790	nan	0	0
4224	1352792	nan	0	0
4226	1352794	nan	0	0
4228	1352796	nan	0	0
4230	1352798	nan	0	0
4232	1352800	nan	0	0
4234	1352802	nan	0	0
4236	1352804	nan	0	0
4238	1352806	nan	0	0
4240	1352808	nan	0	0
4242	1352810	nan	0	0
4244	1352812	nan	0	0
4246	1352814	nan	0	0
4248	1352816	nan	0	0
4250	1352818	nan	0	0
4252	1352820	nan	0	0
4254	1352822	nan	0	0
4256	1352824	nan	0	0
4258	1352826	nan	0	0
4260	1352828	nan	0	0
4262	1352830	nan	0	0
4264	1352832	nan	0	0
4266	1352834	nan	0	0
4268	1352836	nan	0	0
4270	1352838	nan	0	0
4272	1352840	nan	0	0
4274	1352842	nan	0	0
4276	1352844	nan	0	0
4278	1352846	nan	0	0
4280	1352848	nan	0	0
4282	1352850	nan	0	0
4284	1352852	nan	0	0
4286	1352854	nan	0	0
4288	1352856	nan	0	0
4290	1352858	nan	0	0
4292	1352860	nan	0	0
4294	1352862	nan	0	0
4296	1352864	nan	0	0
4298	1352866	nan	0	0
4300	1352868	nan	0	0
4302	1352870	nan	0	0
4304	1352872	nan	0	0
4306	1352874	nan	0	0
4308	1352876	nan	0	0
4310	1352878	nan	0	0
4312	1352880	nan	0	0
4314	1352882	nan	0	0
4316	1352884	nan	0	0
4318	1352886	nan	0	0
4320	1352888	nan	0	0
4322	1352890	nan	0	0
4324	1352892	nan	0	0
4326	1352894	nan	0	0
4328	1352896	nan	0	0
4330	1352898	nan	0	0
4332	1352900	nan	0	0
4334	1352902	nan	0	0
4336	1352904	nan	0	0
4338	1352906	nan	0	0
4340	1352908	nan	0	0
4342	1352910	nan	0	0
4344	1352912	nan	0	0
4346	1352914	nan	0	0
4348	1352916	nan	0	0
4350	1352918	nan	0	0
4352	1352920	nan	0	0
4354	1352922	nan	0	0
4356	1352924	nan	0	0
4358	1352926	nan	0	0
4360	1352928	nan	0	0
4362	1352930	nan	0	0
4364	1352932	nan	0	0
4366	1352934	nan	0	0
4368	1352936	nan	0	0
4370	1352938	nan	0	0
4372	1352940	nan	0	0
4374	1352942	nan	0	0
4376	1352944	nan	0	0
4378	1352946	nan	0	0
4380	1352948	nan	0	0
4382	1352950	nan	0	0
4384	1352952	nan	0	0
4386	1352954	nan	0	0
4388	1352956	nan	0	0
4390	1352958	nan	0	0
4392	1352960	nan	0	0
4394	1352962	nan	0	0
4396	1352964	nan	0	0
4398	1352966	nan	0	0
4400	1352968	nan	0	0
4402	1352970	nan	0	0
4404	1352972	nan	0	0
4406	1352974	nan	0	0
4408	1352976	nan	0	0
4410	1352978	nan	0	0
4412	1352980	nan	0	0
4414	1352982	nan	0	0
4416	1352984	nan	0	0
4418	1352986	nan	0	0
4420	1352988	nan	0	0
4422	1352990	nan	0	0
4424	1352992	nan	0	0
4426	1352994	nan	0	0
4428	1352996	nan	0	0
4430	1352998	nan	0	0
4432	1353000	nan	0	0
4434	1353002	nan	0	0
4436	1353004	nan	0	0
4438	1353006	nan	0	0
4440	1353008	nan	0	0
4442	1353010	nan	0	0
4444	1353012	nan	0	0
4446	1353014	nan	0	0
4448	1353016	nan	0	0
4450	1353018	nan	0	0
4452	1353020	nan	0	0
4454	1353022	nan	0	0
4456	1353024	nan	0	0
4458	1353026	nan	0	0
4460	1353028	nan	0	0
4462	1353030	nan	0	0
4464	1353032	nan	0	0
4466	1353034	nan	0	0
4468	1353036	nan	0	0
4470	1353038	nan	0	0
4472	1353040	nan	0	0
4474	1353042	nan	0	0
4476	1353044	nan	0	0
4478	1353046	nan	0	0
4480	1353048	nan	0	0
4482	1353050	nan	0	0
4484	1353052	nan	0	0
4486	1353054	nan	0	0
4488	1353056	nan	0	0
4490	1353058	nan	0	0
4492	1353060	nan	0	0
4494	1353062	nan	0	0
4496	1353064	nan	0	0
4498	1353066	nan	0	0
4500	1353068	nan	0	0
4502	1353070	nan	0	0
4504	1353072	nan	0	0
4506	1353074	nan	0	0
4508	1353076	nan	0	0
4510	1353078	nan	0	0
4512	1353080	nan	0	0
4514	1353082	nan	0	0
4516	1353084	nan	0	0
4518	1353086	nan	0	0
4520	1353088	nan	0	0
4522	1353090	nan	0	0
4524	1353092	nan	0	0
4526	1353094	nan	0	0
4528	1353096	nan	0	0
4530	1353098	nan	0	0
4532	1353100	nan	0	0
4534	1353102	nan	0	0
4536	1353104	nan	0	0
4538	1353106	nan	0	0
4540	1353108	nan	0	0
4542	1353110	nan	0	0
4544	1353112	nan	0	0
4546	1353114	nan	0	0
4548	1353116	nan	0	0
4550	1353118	nan	0	0
4552	1353120	nan	0	0
4554	1353122	nan	0	0
4556	1353124	nan	0	0
4558	1353126	nan	0	0
4560	1353128	nan	0	0
4562	1353130	nan	0	0
4564	1353132	nan	0	0
4566	1353134	nan	0	0
4568	1353136	nan	0	0
4570	1353138	nan	0	0
4572	1353140	nan	0	0
4574	1353142	nan	0	0
4576	1353144	nan	0	0
4578	1353146	nan	0	0
4580	1353148	nan	0	0
4582	1353150	nan	0	0
4584	1353152	nan	0	0
4586	1353154	nan	0	0
4588	1353156	nan	0	0
4590	1353158	nan	0	0
4592	1353160	nan	0	0
4594	1353162	nan	0	0
4596	1353164	nan	0	0
4598	1353166	nan	0	0
4600	1353168	nan	0	0
4602	1353170	nan	0	0
4604	1353172	nan	0	0
4606	1353174	nan	0	0
4608	1353176	nan	0	0
4610	1353178	nan	0	0
4612	1353180	nan	0	0
4614	1353182	nan	0	0
4616	1353184	nan	0	0
4618	1353186	nan	0	0
4620	1353188	nan	0	0
4622	1353190	nan	0	0
4624	1353192	nan	0	0
4626	1353194	nan	0	0
4628	1353196	nan	0	0
4630	1353198	nan	0	0
4632	1353200	nan	0	0
4634	1353202	nan	0	0
4636	1353204	nan	0	0
4638	1353206	nan	0	0
4640	1353208	nan	0	0
4642	1353210	nan	0	0
4644	1353212	nan	0	0
4646	1353214	nan	0	0
4648	1353216	nan	0	0
4650	1353218	nan	0	0
4652	1353220	nan	0	0
4654	1353222	nan	0	0
4656	1353224	nan	0	0
4658	1353226	nan	0	0
4660	1353228	nan	0	0
4662	1353230	nan	0	0
4664	1353232	nan	0	0
4666	1353234	nan	0	0
4668	1353236	nan	0	0
4670	1353238	nan	0	0
4672	1353240	nan	0	0
4674	1353242	nan	0	0
4676	1353244	nan	0	0
4678	1353246	nan	0	0
4680	1353248	nan	0	0
4682	1353250	nan	0	0
4684	1353252	nan	0	0
4686	1353254	nan	0	0
4688	1353256	nan	0	0
4690	1353258	nan	0	0
4692	1353260	nan	0	0
4694	1353262	nan	0	0
4696	1353264	nan	0	0
4698	1353266	nan	0	0
4700	1353268	nan	0	0
4702	1353270	nan	0	0
4704	1353272	nan	0	0
4706	1353274	nan	0	0
4708	1353276	nan	0	0
4710	1353278	nan	0	0
4712	1353280	nan	0	0
4714	1353282	nan	0	0
4716	1353284	nan	0	0
4718	1353286	nan	0	0
4720	1353288	nan	0	0
4722	1353290	nan	0	0
4724	1353292	nan	0	0
4726	1353294	nan	0	0
4728	1353296	nan	0	0
4730	1353298	nan	0	0
4732	1353300	nan	0	0
4734	1353302	nan	0	0
4736	1353304	nan	0	0
4738	1353306	nan	0	0
4740	1353308	nan	0	0
4742	1353310	nan	0	0
4744	1353312	nan	0	0
4746	1353314	nan	0	0
4748	1353316	nan	0	0
4750	1353318	nan	0	0
4752	1353320	nan	0	0
4754	1353322	nan	0	0
4756	1353324	nan	0	0
4758	1353326	nan	0	0
4760	1353328	nan	0	0
4762	1353330	nan	0	0
4764	1353332	nan	0	0
4766	1353334	nan	0	0
4768	1353336	nan	0	0
4770	1353338	nan	0	0
4772	1353340	nan	0	0
4774	1353342	nan	0	0
4776	1353344	nan	0	0
4778	1353346	nan	0	0
4780	1353348	nan	0	0
4782	1353350	nan	0	0
4784	1353352	nan	0	0
4786	1353354	nan	0	0
4788	1353356	nan	0	0
4790	1353358	nan	0	0
4792	1353360	nan	0	0
4794	1353362	nan	0	0
4796	1353364	nan	0	0
4798	1353366	nan	0	0
4800	1353368	nan	0	0
4802	1353370	nan	0	0
4804	1353372	nan	0	0
4806	1353374	nan	0	0
4808	1353376	nan	0	0
4810	1353378	nan	0	0
4812	1353380	nan	0	0
4814	1353382	nan	0	0
4816	1353384	nan	0	0
4818	1353386	nan	0	0
4820	1353388	nan	0	0
4822	1353390	nan	0	0
4824	1353392	nan	0	0
4826	1353394	nan	0	0
4828	1353396	nan	0	0
4830	1353398	nan	0	0
4832	1353400	nan	0	0
4834	1353402	nan	0	0
4836	1353404	nan	0	0
4838	1353406	nan	0	0
4840	1353408	nan	0	0
4842	1353410	nan	0	0
4844	1353412	nan	0	0
4846	1353414	nan	0	0
4848	1353416	nan	0	0
4850	1353418	nan	0	0
4852	1353420	nan	0	0
4854	1353422	nan	0	0
4856	1353424	nan	0	0
4858	1353426	nan	0	0
4860	1353428	nan	0	0
4862	1353430	nan	0	0
4864	1353432	nan	0	0
4866	1353434	nan	0	0
4868	1353436	nan	0	0
4870	1353438	nan	0	0
4872	1353440	nan	0	0
4874	1353442	nan	0	0
4876	1353444	nan	0	0
4878	1353446	nan	0	0
4880	1353448	nan	0	0
4882	1353450	nan	0	0
4884	1353452	nan	0	0
4886	1353454	nan	0	0
4888	1353456	nan	0	0
4890	1353458	nan	0	0
4892	1353460	nan	0	0
4894	1353462	nan	0	0
4896	1353464	nan	0	0
4898	1353466	nan	0	0
4900	1353468	nan	0	0
4902	1353470	nan	0	0
4904	1353472	nan	0	0
4906	1353474	nan	0	0
4908	1353476	nan	0	0
4910	1353478	nan	0	0
4912	1353480	nan	0	0
4914	1353482	nan	0	0
4916	1353484	nan	0	0
4918	1353486	nan	0	0
4920	1353488	nan	0	0
4922	1353490	nan	0	0
4924	1353492	nan	0	0
4926	1353494	nan	0	0
4928	1353496	nan	0	0
4930	1353498	nan	0	0
4932	1353500	nan	0	0
4934	1353502	nan	0	0
4936	1353504	nan	0	0
4938	1353506	nan	0	0
4940	1353508	nan	0	0
4942	1353510	nan	0	0
4944	1353512	nan	0	0
4946	1353514	nan	0	0
4948	1353516	nan	0	0
4950	1353518	nan	0	0
4952	1353520	nan	0	0
4954	1353522	nan	0	0
4956	1353524	nan	0	0
4958	1353526	nan	0	0
4960	1353528	nan	0	0
4962	1353530	nan	0	0
4964	1353532	nan	0	0
4966	1353534	nan	0	0
4968	1353536	nan	0	0
4970	1353538	nan	0	0
4972	1353540	nan	0	0
4974	1353542	nan	0	0
4976	1353544	nan	0	0
4978	1353546	nan	0	0
4980	1353548	nan	0	0
4982	1353550	nan	0	0
4984	1353552	nan	0	0
4986	1353554	nan	0	0
4988	1353556	nan	0	0
4990	1353558	nan	0	0
4992	1353560	nan	0	0
4994	1353562	nan	0	0
4996	1353564	nan	0	0
4998	1353566	nan	0	0
5000	1353568	nan	0	0
5002	1353570	nan	0	0
5004	1353572	nan	0	0
5006	1353574	nan	0	0
5008	1353576	nan	0	0
5010	1353578	nan	0	0
5012	1353580	nan	0	0
5014	1353582	nan	0	0
5016	1353584	nan	0	0
5018	1353586	nan	0	0
5020	1353588	nan	0	0
5022	1353590	nan	0	0
5024	1353592	nan	0	0
5026	1353594	nan	0	0
5028	1353596	nan	0	0
5030	1353598	nan	0	0
5032	1353600	nan	0	0
5034	1353602	nan	0	0
5036	1353604	nan	0	0
5038	1353606	nan	0	0
5040	1353608	nan	0	0
5042	1353610	nan	0	0
5044	1353612	nan	0	0
5046	1353614	nan	0	0
5048	1353616	nan	0	0
5050	1353618	nan	0	0
5052	1353620	nan	0	0
5054	1353622	nan	0	0
5056	1353624	nan	0	0
5058	1353626	nan	0	0
5060	1353628	nan	0	0
5062	1353630	nan	0	0
5064	1353632	nan	0	0
5066	1353634	nan	0	0
5068	1353636	nan	0	0
5070	1353638	nan	0	0
5072	1353640	nan	0	0
5074	1353642	nan	0	0
5076	1353644	nan	0	0
5078	1353646	nan	0	0
5080	1353648	nan	0	0
5082	1353650	nan	0	0
5084	1353652	nan	0	0
5086	1353654	nan	0	0
5088	1353656	nan	0	0
5090	1353658	nan	0	0
5092	1353660	nan	0	0
5094	1353662	nan	0	0
5096	1353664	nan	0	0
5098	1353666	nan	0	0
5100	1353668	nan	0	0
5102	1353670	nan	0	0
5104	1353672	nan	0	0
5106	1353674	nan	0	0
5108	1353676	nan	0	0
5110	1353678	nan	0	0
5112	1353680	nan	0	0
5114	1353682	nan	0	0
5116	1353684	nan	0	0
5118	1353686	nan	0	0
5120	1353688	nan	0	0
5122	1353690	nan	0	0
5124	1353692	nan	0	0
5126	1353694	nan	0	0
5128	1353696	nan	0	0
5130	1353698	nan	0	0
5132	1353700	nan	0	0
5134	1353702	nan	0	0
5136	1353704	nan	0	0
5138	1353706	nan	0	0
5140	1353708	nan	0	0
5142	1353710	nan	0	0
5144	1353712	nan	0	0
5146	1353714	nan	0	0
5148	1353716	nan	0	0
5150	1353718	nan	0	0
5152	1353720	nan	0	0
5154	1353722	nan	0	0
5156	1353724	nan	0	0
5158	1353726	nan	0	0
5160	1353728	nan	0	0
5162	1353730	nan	0	0
5164	1353732	nan	0	0
5166	1353734	nan	0	0
5168	1353736	nan	0	0
5170	1353738	nan	0	0
5172	1353740	nan	0	0
5174	1353742	nan	0	0
5176	1353744	nan	0	0
5178	1353746	nan	0	0
5180	1353748	nan	0	0
5182	1353750	nan	0	0
5184	1353752	nan	0	0
5186	1353754	nan	0	0
5188	1353756	nan	0	0
5190	1353758	nan	0	0
5192	1353760	nan	0	0
5194	1353762	nan	0	0
5196	1353764	nan	0	0
5198	1353766	nan	0	0
5200	1353768	nan	0	0
5202	1353770	nan	0	0
5204	1353772	nan	0	0
5206	1353774	nan	0	0
5208	1353776	nan	0	0
5210	1353778	nan	0	0
5212	1353780	nan	0	0
5214	1353782	nan	0	0
5216	1353784	nan	0	0
5218	1353786	nan	0	0
5220	1353788	nan	0	0
5222	1353790	nan	0	0
5224	1353792	nan	0	0
5226	1353794	nan	0	0
5228	1353796	nan	0	0
5230	1353798	nan	0	0
5232	1353800	nan	0	0
5234	1353802	nan	0	0
5236	1353804	nan	0	0
5238	1353806	nan	0	0
5240	1353808	nan	0	0
5242	1353810	nan	0	0
5244	1353812	nan	0	0
5246	1353814	nan	0	0
5248	1353816	nan	0	0
5250	1353818	nan	0	0
5252	1353820	nan	0	0
5254	1353822	nan	0	0
5256	1353824	nan	0	0
5258	1353826	nan	0	0
5260	1353828	nan	0	0
5262	1353830	nan	0	0
5264	1353832	nan	0	0
5266	1353834	nan	0	0
5268	1353836	nan	0	0
5270	1353838	nan	0	0
5272	1353840	nan	0	0
5274	1353842	nan	0	0
5276	1353844	nan	0	0
5278	1353846	nan	0	0
5280	1353848	nan	0	0
5282	1353850	nan	0	0
5284	1353852	nan	0	0
5286	1353854	nan	0	0
5288	1353856	nan	0	0
5290	1353858	nan	0	0
5292	1353860	nan	0	0
5294	1353862	nan	0	0
5296	1353864	nan	0	0
5298	1353866	nan	0	0
5300	1353868	nan	0	0
5302	1353870	nan	0	0
5304	1353872	nan	0	0
5306	1353874	nan	0	0
5308	1353876	nan	0	0
5310	1353878	nan	0	0
5312	1353880	nan	0	0
5314	1353882	nan	0	0
5316	1353884	nan	0	0
5318	1353886	nan	0	0
5320	1353888	nan	0	0
5322	1353890	nan	0	0
5324	1353892	nan	0	0
5326	1353894	nan	0	0
5328	1353896	nan	0	0
5330	1353898	nan	0	0
5332	1353900	nan	0	0
5334	1353902	nan	0	0
5336	1353904	nan	0	0
5338	1353906	nan	0	0
5340	1353908	nan	0	0
5342	1353910	nan	0	0
5344	1353912	nan	0	0
5346	1353914	nan	0	0
5348	1353916	nan	0	0
5350	1353918	nan	0	0
5352	1353920	nan	0	0
5354	1353922	nan	0	0
5356	1353924	nan	0	0
5358	1353926	nan	0	0
5360	1353928	nan	0	0
5362	1353930	nan	0	0
5364	1353932	nan	0	0
5366	1353934	nan	0	0
5368	1353936	nan	0	0
5370	1353938	nan	0	0
5372	1353940	nan	0	0
5374	1353942	nan	0	0
5376	1353944	nan	0	0
5378	1353946	nan	0	0
5380	1353948	nan	0	0
5382	1353950	nan	0	0
5384	1353952	nan	0	0
5386	1353954	nan	0	0
5388	1353956	nan	0	0
5390	1353958	nan	0	0
5392	1353960	nan	0	0
5394	1353962	nan	0	0
5396	1353964	nan	0	0
5398	1353966	nan	0	0
5400	1353968	nan	0	0
5402	1353970	nan	0	0
5404	1353972	nan	0	0
5406	1353974	nan	0	0
5408	1353976	nan	0	0
5410	1353978	nan	0	0
5412	1353980	nan	0	0
5414	1353982	nan	0	0
5416	1353984	nan	0	0
5418	1353986	nan	0	0
5420	1353988	nan	0	0
5422	1353990	nan	0	0
5424	1353992	nan	0	0
5426	1353994	nan	0	0
5428	1353996	nan	0	0
5430	1353998	nan	0	0
5432	1354000	nan	0	0
5434	1354002	nan	0	0
5436	1354004	nan	0	0
5438	1354006	nan	0	0
5440	1354008	nan	0	0
5442	1354010	nan	0	0
5444	1354012	nan	0	0
5446	1354014	nan	0	0
5448	1354016	nan	0	0
5450	1354018	nan	0	0
5452	1354020	nan	0	0
5454	1354022	nan	0	0
5456	1354024	nan	0	0
5458	1354026	nan	0	0
5460	1354028	nan	0	0
5462	1354030	nan	0	0
5464	1354032	nan	0	0
5466	1354034	nan	0	0
5468	1354036	nan	0	0
5470	1354038	nan	0	0
5472	1354040	nan	0	0
5474	1354042	nan	0	0
5476	1354044	nan	0	0
5478	1354046	nan	0	0
5480	1354048	nan	0	0
5482	1354050	nan	0	0
5484	1354052	nan	0	0
5486	1354054	nan	0	0
5488	1354056	nan	0	0
5490	1354058	nan	0	0
5492	1354060	nan	0	0
5494	1354062	nan	0	0
5496	1354064	nan	0	0
5498	1354066	nan	0	0
5500	1354068	nan	0	0
5502	1354070	nan	0	0
5504	1354072	nan	0	0
5506	1354074	nan	0	0
5508	1354076	nan	0	0
5510	1354078	nan	0	0
5512	1354080	nan	0	0
5514	1354082	nan	0	0
5516	1354084	nan	0	0
5518	1354086	nan	0	0
5520	1354088	nan	0	0
5522	1354090	nan	0	0
5524	1354092	nan	0	0
5526	1354094	nan	0	0
5528	1354096	nan	0	0
5530	1354098	nan	0	0
5532	1354100	nan	0	0
5534	1354102	nan	0	0
5536	1354104	nan	0	0
5538	1354106	nan	0	0
5540	1354108	nan	0	0
5542	1354110	nan	0	0
5544	1354112	nan	0	0
5546	1354114	nan	0	0
5548	1354116	nan	0	0
5550	1354118	nan	0	0
5552	1354120	nan	0	0
5554	1354122	nan	0	0
5556	1354124	nan	0	0
5558	1354126	nan	0	0
5560	1354128	nan	0	0
5562	1354130	nan	0	0
5564	1354132	nan	0	0
5566	1354134	nan	0	0
5568	1354136	nan	0	0
5570	1354138	nan	0	0
5572	1354140	nan	0	0
5574	1354142	nan	0	0
5576	1354144	nan	0	0
5578	1354146	nan	0	0
5580	1354148	nan	0	0
5582	1354150	nan	0	0
5584	1354152	nan	0	0
5586	1354154	nan	0	0
5588	1354156	nan	0	0
5590	1354158	nan	0	0
5592	1354160	nan	0	0
5594	1354162	nan	0	0
5596	1354164	nan	0	0
5598	1354166	nan	0	0
5600	1354168	nan	0	0
5602	1354170	nan	0	0
5604	1354172	nan	0	0
5606	1354174	nan	0	0
5608	1354176	nan	0	0
5610	1354178	nan	0	0
5612	1354180	nan	0	0
5614	1354182	nan	0	0
5616	1354184	nan	0	0
5618	1354186	nan	0	0
5620	1354188	nan	0	0
5622	1354190	nan	0	0
5624	1354192	nan	0	0
5626	1354194	nan	0	0
5628	1354196	nan	0	0
5630	1354198	nan	0	0
5632	1354200	nan	0	0
5634	1354202	nan	0	0
5636	1354204	nan	0	0
5638	1354206	nan	0	0
5640	1354208	nan	0	0
5642	1354210	nan	0	0
5644	1354212	nan	0	0
5646	1354214	nan	0	0
5648	1354216	nan	0	0
5650	1354218	nan	0	0
5652	1354220	nan	0	0
5654	1354222	nan	0	0
5656	1354224	nan	0	0
5658	1354226	nan	0	0
5660	1354228	nan	0	0
5662	1354230	nan	0	0
5664	1354232	nan	0	0
5666	1354234	nan	0	0
5668	1354236	nan	0	0
5670	1354238	nan	0	0
5672	1354240	nan	0	0
5674	1354242	nan	0	0
5676	1354244	nan	0	0
5678	1354246	nan	0	0
5680	1354248	nan	0	0
5682	1354250	nan	0	0
5684	1354252	nan	0	0
5686	1354254	nan	0	0
5688	1354256	nan	0	0
5690	1354258	nan	0	0
5692	1354260	nan	0	0
5694	1354262	nan	0	0
5696	1354264	nan	0	0
5698	1354266	nan	0	0
5700	1354268	nan	0	0
5702	1354270	nan	0	0
5704	1354272	nan	0	0
5706	1354274	nan	0	0
5708	1354276	nan	0	0
5710	1354278	nan	0	0
5712	1354280	nan	0	0
5714	1354282	nan	0	0
5716	1354284	nan	0	0
5718	1354286	nan	0	0
5720	1354288	nan	0	0
5722	1354290	nan	0	0
5724	1354292	nan	0	0
5726	1354294	nan	0	0
5728	1354296	nan	0	0
5730	1354298	nan	0	0
5732	1354300	nan	0	0
5734	1354302	nan	0	0
5736	1354304	nan	0	0
5738	1354306	nan	0	0
5740	1354308	nan	0	0
5742	1354310	nan	0	0
5744	1354312	nan	0	0
5746	1354314	nan	0	0
5748	1354316	nan	0	0
5750	1354318	nan	0	0
5752	1354320	nan	0	0
5754	1354322	nan	0	0
5756	1354324	nan	0	0
5758	1354326	nan	0	0
5760	1354328	nan	0	0
5762	1354330	nan	0	0
5764	1354332	nan	0	0
5766	1354334	nan	0	0
5768	1354336	nan	0	0
5770	1354338	nan	0	0
5772	1354340	nan	0	0
5774	1354342	nan	0	0
5776	1354344	nan	0	0
5778	1354346	nan	0	0
5780	1354348	nan	0	0
5782	1354350	nan	0	0
5784	1354352	nan	0	0
5786	1354354	nan	0	0
5788	1354356	nan	0	0
5790	1354358	nan	0	0
5792	1354360	nan	0	0
5794	1354362	nan	0	0
5796	1354364	nan	0	0
5798	1354366	nan	0	0
5800	1354368	nan	0	0
5802	1354370	nan	0	0
5804	1354372	nan	0	0
5806	1354374	nan	0	0
5808	1354376	nan	0	0
5810	1354378	nan	0	0
5812	1354380	nan	0	0
5814	1354382	nan	0	0
5816	1354384	nan	0	0
5818	1354386	nan	0	0
5820	1354388	nan	0	0
5822	1354390	nan	0	0
5824	1354392	nan	0	0
5826	1354394	nan	0	0
5828	1354396	nan	0	0
5830	1354398	nan	0	0
5832	1354400	nan	0	0
5834	1354402	nan	0	0
5836	1354404	nan	0	0
5838	1354406	nan	0	0
5840	1354408	nan	0	0
5842	1354410	nan	0	0
5844	1354412	nan	0	0
5846	1354414	nan	0	0
5848	1354416	nan	0	0
5850	1354418	nan	0	0
5852	1354420	nan	0	0
5854	1354422	nan	0	0
5856	1354424	nan	0	0
5858	1354426	nan	0	0
5860	1354428	nan	0	0
5862	1354430	nan	0	0
5864	1354432	nan	0	0
5866	1354434	nan	0	0
5868	1354436	nan	0	0
5870	1354438	nan	0	0
5872	1354440	nan	0	0
5874	1354442	nan	0	0
5876	1354444	nan	0	0
5878	1354446	nan	0	0
5880	1354448	nan	0	0
5882	1354450	nan	0	0
5884	1354452	nan	0	0
5886	1354454	nan	0	0
5888	1354456	nan	0	0
5890	1354458	nan	0	0
5892	1354460	nan	0	0
5894	1354462	nan	0	0
5896	1354464	nan	0	0
5898	1354466	nan	0	0
5900	1354468	nan	0	0
5902	1354470	nan	0	0
5904	1354472	nan	0	0
5906	1354474	nan	0	0
5908	1354476	nan	0	0
5910	1354478	nan	0	0
5912	1354480	nan	0	0
5914	1354482	nan	0	0
5916	1354484	nan	0	0
5918	1354486	nan	0	0
5920	1354488	nan	0	0
5922	1354490	nan	0	0
5924	1354492	nan	0	0
5926	1354494	nan	0	0
5928	1354496	nan	0	0
5930	1354498	nan	0	0
5932	1354500	nan	0	0
5934	1354502	nan	0	0
5936	1354504	nan	0	0
5938	1354506	nan	0	0
5940	1354508	nan	0	0
5942	1354510	nan	0	0
5944	1354512	nan	0	0
5946	1354514	nan	0	0
5948	1354516	nan	0	0
5950	1354518	nan	0	0
5952	1354520	nan	0	0
5954	1354522	nan	0	0
5956	1354524	nan	0	0
5958	1354526	nan	0	0
5960	1354528	nan	0	0
5962	1354530	nan	0	0
5964	1354532	nan	0	0
5966	1354534	nan	0	0
5968	1354536	nan	0	0
5970	1354538	nan	0	0
5972	1354540	nan	0	0
5974	1354542	nan	0	0
5976	1354544	nan	0	0
5978	1354546	nan	0	0
5980	1354548	nan	0	0
5982	1354550	nan	0	0
5984	1354552	nan	0	0
5986	1354554	nan	0	0
5988	1354556	nan	0	0
5990	1354558	nan	0	0
5992	1354560	nan	0	0
5994	1354562	nan	0	0
5996	1354564	nan	0	0
5998	1354566	nan	0	0
6000	1354568	nan	0	0
6002	1354570	nan	0	0
6004	1354572	nan	0	0
6006	1354574	nan	0	0
6008	1354576	nan	0	0
6010	1354578	nan	0	0
6012	1354580	nan	0	0
6014	1354582	nan	0	0
6016	1354584	nan	0	0
6018	1354586	nan	0	0
6020	1354588	nan	0	0
6022	1354590	nan	0	0
6024	1354592	nan	0	0
6026	1354594	nan	0	0
6028	1354596	nan	0	0
6030	1354598	nan	0	0
6032	1354600	nan	0	0
6034	1354602	nan	0	0
6036	1354604	nan	0	0
6038	1354606	nan	0	0
6040	1354608	nan	0	0
6042	1354610	nan	0	0
6044	1354612	nan	0	0
6046	1354614	nan	0	0
6048	1354616	nan	0	0
6050	1354618	nan	0	0
6052	1354620	nan	0	0
6054	1354622	nan	0	0
6056	1354624	nan	0	0
6058	1354626	nan	0	0
6060	1354628	nan	0	0
6062	1354630	nan	0	0
6064	1354632	nan	0	0
6066	1354634	nan	0	0
6068	1354636	nan	0	0
6070	1354638	nan	0	0
6072	1354640	nan	0	0
6074	1354642	nan	0	0
6076	1354644	nan	0	0
6078	1354646	nan	0	0
6080	1354648	nan	0	0
6082	1354650	nan	0	0
6084	1354652	nan	0	0
6086	1354654	nan	0	0
6088	1354656	nan	0	0
6090	1354658	nan	0	0
6092	1354660	nan	0	0
6094	1354662	nan	0	0
6096	1354664	nan	0	0
6098	1354666	nan	0	0
6100	1354668	nan	0	0
6102	1354670	nan	0	0
6104	1354672	nan	0	0
6106	1354674	nan	0	0
6108	1354676	nan	0	0
6110	1354678	nan	0	0
6112	1354680	nan	0	0
6114	1354682	nan	0	0
6116	1354684	nan	0	0
6118	1354686	nan	0	0
6120	1354688	nan	0	0
6122	1354690	nan	0	0
6124	1354692	nan	0	0
6126	1354694	nan	0	0
6128	1354696	nan	0	0
6130	1354698	nan	0	0
6132	1354700	nan	0	0
6134	1354702	nan	0	0
6136	1354704	nan	0	0
6138	1354706	nan	0	0
6140	1354708	nan	0	0
6142	1354710	nan	0	0
6144	1354712	nan	0	0
6146	1354714	nan	0	0
6148	1354716	nan	0	0
6150	1354718	nan	0	0
6152	1354720	nan	0	0
6154	1354722	nan	0	0
6156	1354724	nan	0	0
6158	1354726	nan	0	0
6160	1354728	nan	0	0
6162	1354730	nan	0	0
6164	1354732	nan	0	0
6166	1354734	nan	0	0
6168	1354736	nan	0	0
6170	1354738	nan	0	0
6172	1354740	nan	0	0
6174	1354742	nan	0	0
6176	1354744	nan	0	0
6178	1354746	nan	0	0
6180	1354748	nan	0	0
6182	1354750	nan	0	0
6184	1354752	nan	0	0
6186	1354754	nan	0	0
6188	1354756	nan	0	0
6190	1354758	nan	0	0
6192	1354760	nan	0	0
6194	1354762	nan	0	0
6196	1354764	nan	0	0
6198	1354766	nan	0	0
6200	1354768	nan	0	0
6202	1354770	nan	0	0
6204	1354772	nan	0	0
6206	1354774	nan	0	0
6208	1354776	nan	0	0
6210	1354778	nan	0	0
6212	1354780	nan	0	0
6214	1354782	nan	0	0
6216	1354784	nan	0	0
6218	1354786	nan	0	0
6220	1354788	nan	0	0
6222	1354790	nan	0	0
6224	1354792	nan	0	0
6226	1354794	nan	0	0
6228	1354796	nan	0	0
6230	1354798	nan	0	0
6232	1354800	nan	0	0
6234	1354802	nan	0	0
6236	1354804	nan	0	0
6238	1354806	nan	0	0
6240	1354808	nan	0	0
6242	1354810	nan	0	0
6244	1354812	nan	0	0
6246	1354814	nan	0	0
6248	1354816	nan	0	0
6250	1354818	nan	0	0
6252	1354820	nan	0	0
6254	1354822	nan	0	0
6256	1354824	nan	0	0
6258	1354826	nan	0	0
6260	1354828	nan	0	0
6262	1354830	nan	0	0
6264	1354832	nan	0	0
6266	1354834	nan	0	0
6268	1354836	nan	0	0
6270	1354838	nan	0	0
6272	1354840	nan	0	0
6274	1354842	nan	0	0
6276	1354844	nan	0	0
6278	1354846	nan	0	0
6280	1354848	nan	0	0
6282	1354850	nan	0	0
6284	1354852	nan	0	0
6286	1354854	nan	0	0
6288	1354856	nan	0	0
6290	1354858	nan	0	0
6292	1354860	nan	0	0
6294	1354862	nan	0	0
6296	1354864	nan	0	0
6298	1354866	nan	0	0
6300	1354868	nan	0	0
6302	1354870	nan	0	0
6304	1354872	nan	0	0
6306	1354874	nan	0	0
6308	1354876	nan	0	0
6310	1354878	nan	0	0
6312	1354880	nan	0	0
6314	1354882	nan	0	0
6316	1354884	nan	0	0
6318	1354886	nan	0	0
6320	1354888	nan	0	0
6322	1354890	nan	0	0
6324	1354892	nan	0	0
6326	1354894	nan	0	0
6328	1354896	nan	0	0
6330	1354898	nan	0	0
6332	1354900	nan	0	0
6334	1354902	nan	0	0
6336	1354904	nan	0	0
6338	1354906	nan	0	0
6340	1354908	nan	0	0
6342	1354910	nan	0	0
6344	1354912	nan	0	0
6346	1354914	nan	0	0
6348	1354916	nan	0	0
6350	1354918	nan	0	0
6352	1354920	nan	0	0
6354	1354922	nan	0	0
6356	1354924	nan	0	0
6358	1354926	nan	0	0
6360	1354928	nan	0	0
6362	1354930	nan	0	0
6364	1354932	nan	0	0
6366	1354934	nan	0	0
6368	1354936	nan	0	0
6370	1354938	nan	0	0
6372	1354940	nan	0	0
6374	1354942	nan	0	0
6376	1354944	nan	0	0
6378	1354946	nan	0	0
6380	1354948	nan	0	0
6382	1354950	nan	0	0
6384	1354952	nan	0	0
6386	1354954	nan	0	0
6388	1354956	nan	0	0
6390	1354958	nan	0	0
6392	1354960	nan	0	0
6394	1354962	nan	0	0
6396	1354964	nan	0	0
6398	1354966	nan	0	0
6400	1354968	nan	0	0
6402	1354970	nan	0	0
6404	1354972	nan	0	0
6406	1354974	nan	0	0
6408	1354976	nan	0	0
6410	1354978	nan	0	0
6412	1354980	nan	0	0
6414	1354982	nan	0	0
6416	1354984	nan	0	0
6418	1354986	nan	0	0
6420	1354988	nan	0	0
6422	1354990	nan	0	0
6424	1354992	nan	0	0
6426	1354994	nan	0	0
6428	1354996	nan	0	0
6430	1354998	nan	0	0
6432	1355000	nan	0	0
6434	1355002	nan	0	0
6436	1355004	nan	0	0
6438	1355006	nan	0	0
6440	1355008	nan	0	0
6442	1355010	nan	0	0
6444	1355012	nan	0	0
6446	1355014	nan	0	0
6448	1355016	nan	0	0
6450	1355018	nan	0	0
6452	1355020	nan	0	0
6454	1355022	nan	0	0
6456	1355024	nan	0	0
6458	1355026	nan	0	0
6460	1355028	nan	0	0
6462	1355030	nan	0	0
6464	1355032	nan	0	0
6466	1355034	nan	0	0
6468	1355036	nan	0	0
6470	1355038	nan	0	0
6472	1355040	nan	0	0
6474	1355042	nan	0	0
6476	1355044	nan	0	0
6478	1355046	nan	0	0
6480	1355048	nan	0	0
6482	1355050	nan	0	0
6484	1355052	nan	0	0
6486	1355054	nan	0	0
6488	1355056	nan	0	0
6490	1355058	nan	0	0
6492	1355060	nan	0	0
6494	1355062	nan	0	0
6496	1355064	nan	0	0
6498	1355066	nan	0	0
6500	1355068	nan	0	0
6502	1355070	nan	0	0
6504	1355072	nan	0	0
6506	1355074	nan	0	0
6508	1355076	nan	0	0
6510	1355078	nan	0	0
6512	1355080	nan	0	0
6514	1355082	nan	0	0
6516	1355084	nan	0	0
6518	1355086	nan	0	0
6520	1355088	nan	0	0
6522	1355090	nan	0	0
6524	1355092	nan	0	0
6526	1355094	nan	0	0
6528	1355096	nan	0	0
6530	1355098	nan	0	0
6532	1355100	nan	0	0
6534	1355102	nan	0	0
6536	1355104	nan	0	0
6538	1355106	nan	0	0
6540	1355108	nan	0	0
6542	1355110	nan	0	0
6544	1355112	nan	0	0
6546	1355114	nan	0	0
6548	1355116	nan	0	0
6550	1355118	nan	0	0
6552	1355120	nan	0	0
6554	1355122	nan	0	0
6556	1355124	nan	0	0
6558	1355126	nan	0	0
6560	1355128	nan	0	0
6562	1355130	nan	0	0
6563	1355131	nan	0	0
6565	1355133	nan	0	0
6567	1355135	nan	0	0
6569	1355137	nan	0	0
6571	1355139	nan	0	0
6573	1355141	nan	0	0
6575	1355143	nan	0	0
6577	1355145	nan	0	0
6579	1355147	nan	0	0
6581	1355149	nan	0	0
6583	1355151	nan	0	0
6585	1355153	nan	0	0
6587	1355155	nan	0	0
6589	1355157	nan	0	0
6591	1355159	nan	0	0
6593	1355161	nan	0	0
6595	1355163	nan	0	0
6597	1355165	nan	0	0
6599	1355167	nan	0	0
6601	1355169	nan	0	0
6603	1355171	nan	0	0
6605	1355173	nan	0	0
6607	1355175	nan	0	0
6609	1355177	nan	0	0
6611	1355179	nan	0	0
6613	1355181	nan	0	0
6615	1355183	nan	0	0
6617	1355185	nan	0	0
6619	1355187	nan	0	0
6621	1355189	nan	0	0
6623	1355191	nan	0	0
6625	1355193	nan	0	0
6627	1355195	nan	0	0
6629	1355197	nan	0	0
6631	1355199	nan	0	0
6633	1355201	nan	0	0
6635	1355203	nan	0	0
6637	1355205	nan	0	0
6639	1355207	nan	0	0
6641	1355209	nan	0	0
6643	1355211	nan	0	0
6645	1355213	nan	0	0
6647	1355215	nan	0	0
6649	1355217	nan	0	0
6651	1355219	nan	0	0
6653	1355221	nan	0	0
6655	1355223	nan	0	0
6657	1355225	nan	0	0
6659	1355227	nan	0	0
6661	1355229	nan	0	0
6663	1355231	nan	0	0
6665	1355233	nan	0	0
6667	1355235	nan	0	0
6669	1355237	nan	0	0
6671	1355239	nan	0	0
6673	1355241	nan	0	0
6675	1355243	nan	0	0
6677	1355245	nan	0	0
6679	1355247	nan	0	0
6681	1355249	nan	0	0
6683	1355251	nan	0	0
6685	1355253	nan	0	0
6687	1355255	nan	0	0
6689	1355257	nan	0	0
6691	1355259	nan	0	0
6693	1355261	nan	0	0
6695	1355263	nan	0	0
6697	1355265	nan	0	0
6699	1355267	nan	0	0
6701	1355269	nan	0	0
6703	1355271	nan	0	0
6705	1355273	nan	0	0
6707	1355275	nan	0	0
6709	1355277	nan	0	0
6711	1355279	nan	0	0
6713	1355281	nan	0	0
6715	1355283	nan	0	0
6717	1355285	nan	0	0
6719	1355287	nan	0	0
6721	1355289	nan	0	0
6723	1355291	nan	0	0
6725	1355293	nan	0	0
6727	1355295	nan	0	0
6729	1355297	nan	0	0
6731	1355299	nan	0	0
6733	1355301	nan	0	0
6735	1355303	nan	0	0
6737	1355305	nan	0	0
6739	1355307	nan	0	0
6741	1355309	nan	0	0
6743	1355311	nan	0	0
6745	1355313	nan	0	0
6747	1355315	nan	0	0
6749	1355317	nan	0	0
6751	1355319	nan	0	0
6753	1355321	nan	0	0
6755	1355323	nan	0	0
6757	1355325	nan	0	0
6759	1355327	nan	0	0
6761	1355329	nan	0	0
6763	1355331	nan	0	0
6765	1355333	nan	0	0
6767	1355335	nan	0	0
6769	1355337	nan	0	0
6771	1355339	nan	0	0
6773	1355341	nan	0	0
6775	1355343	nan	0	0
6777	1355345	nan	0	0
6779	1355347	nan	0	0
6781	1355349	nan	0	0
6783	1355351	nan	0	0
6785	1355353	nan	0	0
6787	1355355	nan	0	0
6789	1355357	nan	0	0
6791	1355359	nan	0	0
6793	1355361	nan	0	0
6795	1355363	nan	0	0
6797	1355365	nan	0	0
6799	1355367	nan	0	0
6801	1355369	nan	0	0
6803	1355371	nan	0	0
6805	1355373	nan	0	0
6807	1355375	nan	0	0
6809	1355377	nan	0	0
6811	1355379	nan	0	0
6813	1355381	nan	0	0
6815	1355383	nan	0	0
6817	1355385	nan	0	0
6819	1355387	nan	0	0
6821	1355389	nan	0	0
6823	1355391	nan	0	0
6825	1355393	nan	0	0
6827	1355395	nan	0	0
6829	1355397	nan	0	0
6831	1355399	nan	0	0
6833	1355401	nan	0	0
6835	1355403	nan	0	0
6837	1355405	nan	0	0
6839	1355407	nan	0	0
6841	1355409	nan	0	0
6843	1355411	nan	0	0
6845	1355413	nan	0	0
6847	1355415	nan	0	0
6849	1355417	nan	0	0
6851	1355419	nan	0	0
6853	1355421	nan	0	0
6855	1355423	nan	0	0
6857	1355425	nan	0	0
6859	1355427	nan	0	0
6861	1355429	nan	0	0
6863	1355431	nan	0	0
6865	1355433	nan	0	0
6867	1355435	nan	0	0
6869	1355437	nan	0	0
6871	1355439	nan	0	0
6873	1355441	nan	0	0
6875	1355443	nan	0	0
6877	1355445	nan	0	0
6879	1355447	nan	0	0
6881	1355449	nan	0	0
6883	1355451	nan	0	0
6885	1355453	nan	0	0
6887	1355455	nan	0	0
6889	1355457	nan	0	0
6891	1355459	nan	0	0
6893	1355461	nan	0	0
6895	1355463	nan	0	0
6897	1355465	nan	0	0
6899	1355467	nan	0	0
6901	1355469	nan	0	0
6903	1355471	nan	0	0
6905	1355473	nan	0	0
6907	1355475	nan	0	0
6909	1355477	nan	0	0
6911	1355479	nan	0	0
6913	1355481	nan	0	0
6915	1355483	nan	0	0
6917	1355485	nan	0	0
6919	1355487	nan	0	0
6921	1355489	nan	0	0
6923	1355491	nan	0	0
6925	1355493	nan	0	0
6927	1355495	nan	0	0
6929	1355497	nan	0	0
6931	1355499	nan	0	0
6933	1355501	nan	0	0
6935	1355503	nan	0	0
6937	1355505	nan	0	0
6939	1355507	nan	0	0
6941	1355509	nan	0	0
6943	1355511	nan	0	0
6945	1355513	nan	0	0
6947	1355515	nan	0	0
6949	1355517	nan	0	0
6951	1355519	nan	0	0
6953	1355521	nan	0	0
6955	1355523	nan	0	0
6957	1355525	nan	0	0
6959	1355527	nan	0	0
6961	1355529	nan	0	0
6963	1355531	nan	0	0
6965	1355533	nan	0	0
6967	1355535	nan	0	0
6969	1355537	nan	0	0
6971	1355539	nan	0	0
6973	1355541	nan	0	0
6975	1355543	nan	0	0
6977	1355545	nan	0	0
6979	1355547	nan	0	0
6981	1355549	nan	0	0
6983	1355551	nan	0	0
6985	1355553	nan	0	0
6987	1355555	nan	0	0
6989	1355557	nan	0	0
6991	1355559	nan	0	0
6993	1355561	nan	0	0
6995	1355563	nan	0	0
6997	1355565	nan	0	0
6999	1355567	nan	0	0
7001	1355569	nan	0	0
7003	1355571	nan	0	0
7005	1355573	nan	0	0
7007	1355575	nan	0	0
7009	1355577	nan	0	0
7011	1355579	nan	0	0
7013	1355581	nan	0	0
7015	1355583	nan	0	0
7017	1355585	nan	0	0
7019	1355587	nan	0	0
7021	1355589	nan	0	0
7023	1355591	nan	0	0
7025	1355593	nan	0	0
7027	1355595	nan	0	0
7029	1355597	nan	0	0
7031	1355599	nan	0	0
7033	1355601	nan	0	0
7035	1355603	nan	0	0
7037	1355605	nan	0	0
7039	1355607	nan	0	0
7041	1355609	nan	0	0
7043	1355611	nan	0	0
7045	1355613	nan	0	0
7047	1355615	nan	0	0
7049	1355617	nan	0	0
7051	1355619	nan	0	0
7053	1355621	nan	0	0
7055	1355623	nan	0	0
7057	1355625	nan	0	0
7059	1355627	nan	0	0
7061	1355629	nan	0	0
7063	1355631	nan	0	0
7065	1355633	nan	0	0
7067	1355635	nan	0	0
7069	1355637	nan	0	0
7071	1355639	nan	0	0
7073	1355641	nan	0	0
7075	1355643	nan	0	0
7077	1355645	nan	0	0
7079	1355647	nan	0	0
7081	1355649	nan	0	0
7083	1355651	nan	0	0
7085	1355653	nan	0	0
7087	1355655	nan	0	0
7089	1355657	nan	0	0
7091	1355659	nan	0	0
7093	1355661	nan	0	0
7095	1355663	nan	0	0
7097	1355665	nan	0	0
7099	1355667	nan	0	0
7101	1355669	nan	0	0
7103	1355671	nan	0	0
7105	1355673	nan	0	0
7107	1355675	nan	0	0
7109	1355677	nan	0	0
7111	1355679	nan	0	0
7113	1355681	nan	0	0
7115	1355683	nan	0	0
7117	1355685	nan	0	0
7119	1355687	nan	0	0
7121	1355689	nan	0	0
7123	1355691	nan	0	0
7125	1355693	nan	0	0
7127	1355695	nan	0	0
7129	1355697	nan	0	0
7131	1355699	nan	0	0
7133	1355701	nan	0	0
7135	1355703	nan	0	0
7137	1355705	nan	0	0
7139	1355707	nan	0	0
7141	1355709	nan	0	0
7143	1355711	nan	0	0
7145	1355713	nan	0	0
7147	1355715	nan	0	0
7149	1355717	nan	0	0
7151	1355719	nan	0	0
7153	1355721	nan	0	0
7155	1355723	nan	0	0
7157	1355725	nan	0	0
7159	1355727	nan	0	0
7161	1355729	nan	0	0
7163	1355731	nan	0	0
7165	1355733	nan	0	0
7167	1355735	nan	0	0
7169	1355737	nan	0	0
7171	1355739	nan	0	0
7173	1355741	nan	0	0
7175	1355743	nan	0	0
7177	1355745	nan	0	0
7179	1355747	nan	0	0
7181	1355749	nan	0	0
7183	1355751	nan	0	0
7185	1355753	nan	0	0
7187	1355755	nan	0	0
7189	1355757	nan	0	0
7191	1355759	nan	0	0
7193	1355761	nan	0	0
7195	1355763	nan	0	0
7197	1355765	nan	0	0
7199	1355767	nan	0	0
7201	1355769	nan	0	0
7203	1355771	nan	0	0
7205	1355773	nan	0	0
7207	1355775	nan	0	0
7209	1355777	nan	0	0
7211	1355779	nan	0	0
7213	1355781	nan	0	0
7215	1355783	nan	0	0
7217	1355785	nan	0	0
7219	1355787	nan	0	0
7221	1355789	nan	0	0
7223	1355791	nan	0	0
7225	1355793	nan	0	0
7227	1355795	nan	0	0
7229	1355797	nan	0	0
7231	1355799	nan	0	0
7233	1355801	nan	0	0
7235	1355803	nan	0	0
7237	1355805	nan	0	0
7239	1355807	nan	0	0
7241	1355809	nan	0	0
7243	1355811	nan	0	0
7245	1355813	nan	0	0
7247	1355815	nan	0	0
7249	1355817	nan	0	0
7251	1355819	nan	0	0
7253	1355821	nan	0	0
7255	1355823	nan	0	0
7257	1355825	nan	0	0
7259	1355827	nan	0	0
7261	1355829	nan	0	0
7263	1355831	nan	0	0
7265	1355833	nan	0	0
7267	1355835	nan	0	0
7269	1355837	nan	0	0
7271	1355839	nan	0	0
7273	1355841	nan	0	0
7275	1355843	nan	0	0
7277	1355845	nan	0	0
7279	1355847	nan	0	0
7281	1355849	nan	0	0
7283	1355851	nan	0	0
7285	1355853	nan	0	0
7287	1355855	nan	0	0
7289	1355857	nan	0	0
7291	1355859	nan	0	0
7293	1355861	nan	0	0
7295	1355863	nan	0	0
7297	1355865	nan	0	0
7299	1355867	nan	0	0
7301	1355869	nan	0	0
7303	1355871	nan	0	0
7305	1355873	nan	0	0
7307	1355875	nan	0	0
7309	1355877	nan	0	0
7311	1355879	nan	0	0
7313	1355881	nan	0	0
7315	1355883	nan	0	0
7317	1355885	nan	0	0
7319	1355887	nan	0	0
7321	1355889	nan	0	0
7323	1355891	nan	0	0
7325	1355893	nan	0	0
7327	1355895	nan	0	0
7329	1355897	nan	0	0
7331	1355899	nan	0	0
7333	1355901	nan	0	0
7335	1355903	nan	0	0
7337	1355905	nan	0	0
7339	1355907	nan	0	0
7341	1355909	nan	0	0
7343	1355911	nan	0	0
7345	1355913	nan	0	0
7347	1355915	nan	0	0
7349	1355917	nan	0	0
7351	1355919	nan	0	0
7353	1355921	nan	0	0
7355	1355923	nan	0	0
7357	1355925	nan	0	0
7359	1355927	nan	0	0
7361	1355929	nan	0	0
7363	1355931	nan	0	0
7365	1355933	nan	0	0
7367	1355935	nan	0	0
7369	1355937	nan	0	0
7371	1355939	nan	0	0
7373	1355941	nan	0	0
7375	1355943	nan	0	0
7377	1355945	nan	0	0
7379	1355947	nan	0	0
7381	1355949	nan	0	0
7383	1355951	nan	0	0
7385	1355953	nan	0	0
7387	1355955	nan	0	0
7389	1355957	nan	0	0
7391	1355959	nan	0	0
7393	1355961	nan	0	0
7395	1355963	nan	0	0
7397	1355965	nan	0	0
